,Unnamed: 0,Event_ID,Fire_Name,Lat,Long,Fire_Year,Fire_Month,Total_area_burned(ha),Unchanged(ha),Low_Severity(ha),Moderate_Severity(ha),High_Severity(ha),Grass_Burned(ha),CO2(kg),CO(kg),CH4(kg),NMOC(kg),SO2(kg),NH3(kg),NO(kg),NO2(kg),NOx(kg),PM2.5(kg),OC(kg),BC(kg),TSLF
0,1493,CA3606812023620170420,JAYNE,36.061,-120.274,2017,4,1892.16,36.09,282.96,629.73,0.0,943.38,9690163.56,474619.95,16971.354,171294.48,13391.2323,6659.3016,14546.295,14337.8874,20509.983,48704.805,19870.695,4938.7977,1
1,1495,CA3611812036120170518,ELM 2,36.075,-120.405,2017,5,4357.44,238.41,855.72,2228.4,27.63,1007.28,87147498.06,5097270.24,131214.033,1340159.76,50767.7454,85558.8645,76548.789,61141.7691,119179.296,445196.97,236075.436,64056.4452,1
2,1482,CA3539711882220170630,TARINA,35.385,-118.793,2017,6,508.86,0.81,52.65,454.77,0.63,0.0,8184.96,322.56,16.704,161.28,17.28,3.2256,16.704,17.856,22.464,41.472,14.976,2.1312,0
3,1483,CA3539712049820170626,HILL,35.405,-120.481,2017,6,765.9,2.79,288.36,447.75,27.0,0.0,55874461.32,3305870.1,84681.864,839710.08,26643.8178,56144.4768,43445.142,33167.826,68867.982,290250.558,170014.338,41147.0514,0
4,1485,CA3557211858220170618,HIGHWAY,35.586,-118.574,2017,6,686.07,0.0,225.63,454.95,2.25,3.24,18638240.4,991285.74,35783.568,275398.56,9944.4294,15638.2308,12171.762,11225.232,17846.622,109506.762,97808.598,8596.701,0
5,1490,CA3594712117020170605,RANGE,35.925,-121.181,2017,6,845.1,0.0,650.61,181.98,0.0,12.51,37362560.22,2155086.72,60256.701,559987.92,18560.0646,35994.8385,28147.329,22493.5551,43862.256,200047.698,132874.956,25025.5044,0
6,1494,CA3609911841220170624,SCHAEFFER,36.096,-118.365,2017,6,6515.01,20.43,1163.7,3089.43,2199.33,42.12,746089634.0,37688550.39,1568673.315,10929643.2,414227.0493,570876.9921,442582.992,449277.1857,618180.471,4614865.587,4666057.263,251617.2021,0
7,1500,CA3708211980720170610,OAKWOOD,37.076,-119.769,2017,6,609.57,0.0,51.48,547.29,10.8,0.0,6537930.48,316979.37,14607.108,95466.96,3821.9805,4631.4414,3678.435,4027.5576,4916.997,41842.827,45396.765,1613.5371,0
8,1532,CA4143512316220170626,ISLAND,41.42,-123.131,2017,6,25210.62,29.34,8184.96,9396.27,7598.7,1.35,3040129288.0,148996447.6,6702457.329,44334258.48,1729108.449,2199444.402,1705703.265,1835010.654,2304966.456,19328660.77,20712341.16,814127.0508,1
9,1479,CA3456711995220170708,WHITTIER  CA-LBOR-001770,34.535,-119.952,2017,7,7489.26,9.54,915.57,3231.18,3332.97,0.0,747125372.3,39821907.51,1430566.839,11029891.68,394338.8925,629392.8537,485669.7,446098.3713,713511.531,4385614.851,3909579.975,347502.2193,0
10,1480,CA3496111944820170718,HUDSON,34.948,-119.465,2017,7,480.42,0.0,18.18,394.65,67.59,0.0,2281893.3,138207.69,3232.197,34496.64,1075.7187,2380.7727,1861.56,1369.2303,2989.521,11460.429,5659.425,1832.8995,0
11,1481,CA3502012029920170706,ALAMO,34.96,-120.288,2017,7,11839.77,869.58,4744.98,4051.62,1604.61,568.98,777396123.4,41139018.63,1504571.76,11491398.0,420249.5091,646368.3702,507422.889,472278.6324,740710.467,4585330.629,4135399.371,350078.8797,0
12,1484,CA3553111864820170730,GARDEN,35.518,-118.645,2017,7,598.77,0.36,223.29,337.59,34.29,3.24,51400971.54,2594206.35,108266.049,752626.08,28490.7933,39269.0727,30363.786,30881.7027,42367.995,318310.659,322714.899,17208.3753,0
13,1486,CA3560211908420170706,QUAIL COMPLEX,35.605,-119.067,2017,7,808.92,0.18,432.0,376.47,0.27,0.0,280468.8,11344.14,563.58,5464.8,569.9358,119.448,555.966,590.5044,750.654,1419.858,519.894,80.613,0
14,1488,CA3579412067920170709,PARKFIELD,35.778,-120.674,2017,7,756.99,36.72,76.5,569.16,74.34,0.27,8474017.68,444104.55,16678.458,125181.36,4648.8231,6924.4884,5472.027,5183.2494,7919.775,50431.473,46517.643,3624.7401,0
15,1489,CA3589912026320170710,GARZA,35.957,-120.299,2017,7,19587.42,81.09,4042.8,14478.66,759.87,225.0,1343133002.0,72952341.75,2477431.161,19901257.92,699902.3817,1169100.147,906005.358,804206.0655,1351929.123,7722600.327,6502855.887,688608.5121,0
16,1491,CA3602811896220170730,ROADRUNNER,36.015,-118.933,2017,7,985.23,0.09,86.76,833.49,64.89,0.0,436907.16,25079.94,653.904,6943.68,323.3466,412.9776,448.326,376.5348,683.262,2180.358,980.874,318.5442,0
17,1492,CA3603212047720170717,PARK,36.021,-120.499,2017,7,726.39,0.0,289.17,238.95,180.63,17.64,64398105.18,3361205.61,128033.397,948313.44,34823.8971,52268.7843,40563.144,38725.4403,58491.045,385861.797,362311.641,26723.0511,0
18,1497,CA3622112046120170703,DERRICK,36.207,-120.464,2017,7,653.4,62.1,49.14,304.65,4.41,233.1,13475075.76,771731.37,21063.312,208812.24,8605.7973,12747.8754,12188.799,10124.4852,18676.413,69722.163,39035.421,9328.3587,0
19,1504,CA3761912020720170716,DETWILER,37.55,-120.121,2017,7,33374.52,40.86,19848.24,12132.45,858.06,494.91,2595407584.0,135547639.2,5156550.468,38208951.36,1399038.862,2109011.951,1632267.396,1556658.76,2354991.408,15547851.86,14593221.5,1079704.368,0
20,1511,CA3849512202520170706,WINTER,38.526,-122.054,2017,7,1004.31,0.81,143.91,732.87,104.76,21.96,19096021.8,973305.09,39392.37,281271.6,10825.3053,14838.642,11861.901,11815.7994,16732.089,116627.643,114435.009,6930.6255,0
21,1512,CA3851812110420170726,LATROBE INCIDENT,38.529,-121.048,2017,7,643.95,0.0,48.78,490.68,104.49,0.0,6276556.98,300205.35,13975.713,93684.96,4287.8601,4307.3199,4116.942,4497.2739,5501.655,39684.663,41689.503,1533.8061,0
22,1519,CA3946112141320170707,WALL,39.463,-121.406,2017,7,2625.48,0.09,1298.07,1019.43,306.72,1.17,199486584.5,9906626.16,431344.143,2912423.76,111658.8258,147946.1391,113966.163,119606.3721,156261.42,1254466.998,1314591.012,59223.2688,0
23,1523,CA3990612097220170729,MINERVA 5,39.903,-120.944,2017,7,1839.69,0.0,363.51,722.79,748.26,5.13,261411161.4,12703281.75,584199.828,3803884.56,148737.2571,186159.0078,143286.021,156896.7876,191584.143,1675950.669,1826680.779,64723.1265,0
24,1524,CA4007312014520170711,LONG VALLEY,39.992,-119.92,2017,7,7957.8,2.97,2284.74,5478.21,96.93,94.95,280726422.3,16856504.82,408000.393,4234494.96,132878.7,288872.4393,224990.379,167746.6323,359637.57,1427942.448,755148.726,218505.213,0
25,1531,CA4130712105620170725,COVE,41.279,-121.008,2017,7,12500.01,211.5,5991.3,3172.41,3113.01,11.79,1393504472.0,69807189.87,2970263.403,20383572.96,777779.0865,1050086.82,812778.588,838429.4205,1125273.303,8688381.039,8939284.947,442590.3189,0
26,1535,CA4154912328620170726,BURNEY,41.546,-123.303,2017,7,647.01,1.71,267.75,230.04,147.51,0.0,48280032.36,2351852.01,107477.748,703010.16,27476.9973,34536.609,26651.907,29034.3348,35746.353,308785.059,334918.773,12233.3247,0
27,1536,CA4159712349220170725,UKONOM,41.59,-123.493,2017,7,1710.72,9.54,539.82,794.88,366.48,0.0,148686953.9,7216396.47,332902.431,2163172.32,84674.6541,105634.1889,81298.188,89242.1433,108536.139,954304.659,1042389.927,36393.9633,0
28,1538,CA4185212099120170726,STEELE,41.879,-120.895,2017,7,19892.61,99.0,10804.95,7975.35,1012.59,0.72,1480362458.0,84427409.43,2456783.532,22117224.24,736655.9715,1399885.85,1086187.437,884183.58,1680626.907,8048375.541,5664796.803,945012.4821,0
29,1540,CA4197112099820170724,RIMROCK,41.966,-120.997,2017,7,688.77,2.16,387.18,286.92,12.51,0.0,44888469.12,2678440.68,66387.546,676365.12,21402.6408,45721.827,35617.518,26841.6162,56718.792,230265.72,127023.732,34158.4704,1
30,1496,CA3615911869620170829,PIER,36.122,-118.708,2017,8,14822.1,0.09,6355.53,3954.42,4481.1,30.96,1759076354.0,86194677.42,3882598.281,25629826.32,994863.1356,1272407.887,979879.023,1055549.634,1323194.994,11195441.24,12025045.24,468529.6338,0
31,1498,CA3624711830320170803,INDIAN,36.25,-118.292,2017,8,990.99,0.18,254.7,404.1,328.68,3.33,99837973.08,5162072.31,201625.686,1469304.72,54760.4559,79664.8572,62225.487,60440.3406,88948.179,603268.569,577912.923,39272.2821,0
32,1502,CA3744911965020170829,RAILROAD,37.441,-119.613,2017,8,5165.91,0.45,454.23,1604.52,3104.91,1.8,766383742.8,37195722.63,1715966.55,11149268.4,436321.2591,544478.364,418896.567,459853.6698,559225.863,4919022.441,5373576.603,187547.4225,0
33,1503,CA3753811959820170813,SOUTH FORK,37.568,-119.576,2017,8,3259.26,4.05,855.09,1639.08,737.46,23.58,394409860.0,19629120.33,849683.061,5761825.92,220835.1843,293665.0815,226758.888,236926.6047,311695.857,2474622.765,2580659.937,119188.6659,0
34,1505,CA3764411961820170801,EMPIRE,37.654,-119.588,2017,8,3920.76,19.08,1430.01,1638.54,825.84,7.29,400041512.1,20175778.89,843463.125,5857675.2,222074.9523,305216.2935,236250.216,240583.5639,329420.169,2478632.733,2515701.969,133330.7115,0
35,1508,CA3837311989620170819,MCCORMICK,38.38,-119.875,2017,8,1775.97,0.63,265.14,570.24,928.17,11.79,220884597.2,10880019.45,483593.355,3221416.8,124576.3215,161337.4461,124442.046,132666.7473,169076.457,1399030.929,1487951.649,61497.6291,0
36,1514,CA3861911955720170829,SLINKARD,38.659,-119.571,2017,8,3434.76,0.72,609.93,1483.92,815.13,525.06,187219099.4,10648359.63,309954.06,2814361.2,98286.0831,176025.1338,142373.025,117086.6232,219318.759,1013210.073,698661.855,119628.5193,0
37,1520,CA3957512131620170829,PONDEROSA,39.578,-121.277,2017,8,1726.92,1.71,140.13,346.14,1237.23,1.71,240919736.2,11686538.61,539856.585,3504592.8,137216.7207,170987.9319,131548.248,144563.5863,175501.809,1547061.273,1691572.797,58667.1219,0
38,1522,CA3978012014320170806,CHILCOOT,39.779,-120.148,2017,8,417.78,0.54,46.71,131.13,238.32,1.08,14757476.04,884904.12,21551.256,222412.32,6960.4596,15153.3684,11759.868,8780.7708,18788.544,75264.444,40362.372,11419.3728,0
39,1525,CA4011512332020170808,WILLIE,40.119,-123.299,2017,8,1313.28,0.0,511.65,303.21,157.14,341.28,110363082.8,5434251.39,240129.288,1620484.56,65152.3959,80433.4626,65483.685,69404.2344,89228.763,694476.369,727147.935,31506.6213,0
40,1526,CA4018412336320170808,DUTCHMAN,40.192,-123.348,2017,8,648.54,0.0,144.63,171.9,141.03,190.98,57607699.32,2800766.88,127762.758,844371.36,34352.7732,40991.6502,33441.102,36284.7546,44936.424,366574.716,392739.048,14799.0384,0
41,1528,CA4039512024220170829,MUD,40.432,-120.247,2017,8,2443.95,0.81,1840.77,561.15,0.0,41.22,155459445.5,9389429.19,222096.258,2348260.56,73326.4479,161475.8184,126034.083,93095.1378,202109.499,784105.641,396484.947,123597.9981,0
42,1529,CA4077112312420170831,HELENA,40.775,-123.062,2017,8,7570.8,41.76,2602.53,2869.83,2056.5,0.18,868972562.8,42883754.22,1897108.137,12675914.64,489124.5948,636968.6181,491023.791,521589.3543,668559.042,5494954.716,5824924.794,245609.8434,0
43,1530,CA4083912297820170808,FORK,40.845,-123.01,2017,8,1344.87,2.25,408.96,509.4,423.63,0.63,177697827.7,8658206.46,395432.82,2587608.0,101123.4222,127170.8604,98150.958,106872.7968,131681.754,1136249.298,1231859.862,45123.9894,0
44,1533,CA4145212338020170811,HAYPRESS,41.465,-123.427,2017,8,8872.29,2.43,3304.17,3705.84,1859.49,0.36,1051820783.0,51067102.59,2353785.453,15303029.76,598787.5509,747759.6783,575437.662,631238.8995,768551.247,6748837.947,7367561.523,258264.1125,0
45,1534,CA4146612032120170803,PARKER2,41.464,-120.262,2017,8,3092.76,97.56,1677.24,876.51,432.72,8.73,355620022.4,17739962.01,763306.551,5197007.52,198752.0679,265928.4297,205350.282,213595.2261,282988.809,2226494.169,2311446.753,109377.4131,0
46,1537,CA4178612347520170812,OAK,41.747,-123.58,2017,8,38708.73,12.06,10992.24,13485.96,14218.38,0.09,5085110925.0,248764940.6,11248716.53,74089791.36,2884136.126,3666831.178,2829225.6,3056650.07,3813723.648,32402583.5,34885656.72,1337073.005,0
47,1539,CA4194712334920170808,CEDAR,41.935,-123.325,2017,8,4353.12,0.09,1590.39,1337.58,1425.06,0.0,585106040.0,28477593.54,1304407.935,8517207.6,332821.3788,417887.3691,322015.617,351466.3737,431405.406,3745623.852,4070300.238,147006.4446,0
48,1541,CA4198012316420170811,ABNEY,41.95,-123.136,2017,8,12757.86,0.72,4561.02,3948.48,4247.64,0.0,1748419085.0,85047695.19,3901830.147,25444671.84,993840.7077,1247418.753,959873.616,1049069.222,1284910.803,11200234.2,12187935.64,436668.2361,0
49,1542,NV4069711993420170830,R-4,40.721,-119.918,2017,8,239.22,0.0,31.77,158.58,2.25,46.62,5434903.08,311147.1,8159.472,86552.64,4085.8614,5111.6688,5624.01,4745.1132,8554.194,27126.09,12182.31,3940.7886,1
50,1487,CA3575611840320170901,CALDWELL,35.765,-118.381,2017,9,615.06,0.0,344.61,201.87,18.72,49.86,32172010.74,1882266.21,49896.117,484626.24,16074.2511,31715.9415,25188.876,19701.4959,39567.069,168665.985,102595.149,22874.6583,0
51,1499,CA3627011849820170925,LION,36.285,-118.471,2017,9,7517.61,11.7,2826.99,3546.72,739.89,392.31,840719836.8,41531321.79,1830573.63,12279322.8,476441.5563,617261.328,480115.251,508467.6234,654795.819,5305596.813,5598877.959,240631.7805,0
52,1501,CA3721711946920170903,MISSION,37.236,-119.466,2017,9,407.52,0.0,44.73,104.49,256.59,1.71,42160658.4,2057177.25,93647.7,613890.0,23920.0425,30255.723,23296.455,25304.184,31302.585,269327.295,291455.145,10827.4455,0
53,1506,CA3812011994120170904,CREEK,38.121,-119.948,2017,9,870.57,4.23,591.3,253.8,19.62,1.62,82242933.84,4084945.56,177759.288,1200908.16,46070.3628,61012.0296,47049.948,49355.9856,64527.3,517031.028,541454.652,24461.7948,0
54,1527,CA4022812303620170913,BUCK,40.213,-123.027,2017,9,5505.57,1.62,3028.77,1631.61,842.67,0.9,624840511.5,30811002.57,1364417.703,9123104.16,354426.1695,457219.5993,355429.314,377763.2613,483741.585,3949934.913,4183034.841,176206.9995,1
55,1507,CA3815112243520171009,THIRTY SEVEN,38.155,-122.474,2017,10,718.2,0.45,93.06,549.27,75.42,0.0,298235.34,16278.39,518.247,4602.24,201.8997,259.7445,257.508,229.3677,382.887,1628.091,1137.087,170.7093,0
56,1509,CA3838712252020171009,NUNS,38.349,-122.503,2017,10,22985.01,44.01,12588.12,7073.73,3110.94,168.21,1941225231.0,95837523.66,4234175.973,28327264.56,1094548.691,1423904.412,1100299.419,1167553.072,1499015.862,12267332.17,12985265.83,551101.2894,0
57,1510,CA3839112224120171009,ATLAS,38.364,-122.237,2017,10,20768.31,33.75,11692.89,6968.61,1842.39,230.67,1687842920.0,86026257.63,3498291.171,24749125.92,927521.2233,1312782.967,1014491.772,1012781.683,1429807.815,10356683.03,10287219.48,603742.0293,0
58,1513,CA3859812261820171009,TUBBS,38.568,-122.68,2017,10,14927.22,21.51,6982.11,4818.96,2968.47,136.17,1109983939.0,54322622.73,2451959.982,16186526.64,632809.9305,800856.972,622033.029,670911.5646,839268.621,7064687.439,7586450.901,293903.5563,0
59,1515,CA3874312290720171009,POCKET,38.77,-122.883,2017,10,7565.58,8.19,3638.61,3120.03,781.47,17.28,680349661.4,34093760.85,1449641.961,9950497.92,379133.9487,513032.8347,396503.928,408802.4955,549119.493,4241375.217,4362919.317,216484.5951,0
60,1516,CA3900312269020171009,SULFUR,38.992,-122.666,2017,10,1034.19,3.24,324.0,463.14,243.81,0.0,57309836.94,2914928.82,119214.315,839934.0,31510.2924,44408.9583,34273.701,34353.5301,48202.398,352410.876,351765.414,20209.3038,0
61,1517,CA3931312322020171009,REDWOOD VALLEY INCIDENT,39.339,-123.213,2017,10,14787.99,16.65,6452.37,4241.07,3963.51,114.39,1317354863.0,65165070.06,2859861.501,19262146.32,750314.9124,969452.0001,759463.731,801562.3803,1037764.602,8295956.82,8713609.434,382484.745,0
62,1518,CA3936812133420171009,CASCADE,39.359,-121.375,2017,10,6538.05,1.08,1714.95,4347.09,474.57,0.36,498922600.0,24223408.02,1116494.676,7258835.52,284018.6826,354698.1468,272945.682,299412.108,364546.062,3201255.99,3494747.538,122509.1682,0
63,1521,CA3958812158520171009,CHEROKEE,39.591,-121.585,2017,10,3369.87,14.49,815.04,2184.21,352.89,3.24,102168795.1,5075309.88,220536.711,1493561.52,57664.2798,75793.3083,58970.151,61785.2781,80924.508,641502.522,669821.184,30550.0032,2
64,1476,CA3433411833820171205,CREEK,34.294,-118.352,2017,12,6409.44,32.13,1706.94,3889.17,780.84,0.36,379115757.5,22399421.76,576373.599,5698424.88,181657.557,380053.4787,294797.835,225716.8653,466804.296,1972007.766,1161733.14,277918.7508,0
65,1477,CA3442911910020171205,THOMAS,34.459,-119.303,2017,12,114042.96,530.64,45157.14,48699.27,19583.55,72.36,9128473846.0,507312035.6,16053387.59,135789010.6,4660023.128,8263910.128,6411081.96,5462232.404,9737470.188,51157093.64,39884883.66,5212800.119,0
66,1478,CA3445311858120171205,RYE,34.43,-118.635,2017,12,1980.81,4.23,648.27,1291.41,36.9,0.0,85696990.38,5117089.95,126626.607,1290507.84,40588.6329,87399.5733,67799.88,50983.2117,108054.459,439575.255,242544.915,65309.5521,2
67,1563,CA3741111851120180219,PLEASANT,37.41,-118.445,2018,2,921.78,82.71,163.17,519.57,125.73,30.6,16300483.74,895136.4,29044.683,244391.76,9045.9306,14431.3011,11944.719,10440.3285,17934.804,91551.726,71531.316,8999.7048,2
68,1560,CA3669011811020180419,MOFFAT,36.688,-118.085,2018,4,539.01,1.71,278.28,209.25,42.12,7.65,38815900.02,2354221.08,54857.709,586280.88,18094.7754,40595.6133,31533.669,23100.2523,50713.56,194859.774,96083.856,31276.3644,1
69,1544,CA3363011706020180517,PATTERSON,33.643,-117.048,2018,5,526.86,0.27,294.39,231.66,0.54,0.0,27895943.52,1700242.74,38769.282,422324.64,13090.3902,29398.6386,23026.824,16767.405,37105.614,138821.49,65013.066,22910.0634,0
70,1561,CA3686012078020180502,NEES,36.849,-120.786,2018,5,744.39,0.09,86.85,594.27,40.41,22.77,328421.52,12942.72,670.248,6471.36,693.36,129.4272,670.248,716.472,901.368,1664.064,600.912,85.5144,1
71,1551,CA3490011851020180604,STONE,34.55,-118.292,2018,6,671.49,0.0,167.67,499.5,3.33,0.99,38548834.02,2351115.18,53637.435,582512.4,17770.6656,40682.5299,31501.881,22841.0145,50840.406,192152.952,91039.194,31640.9814,0
72,1558,CA3641012100020180604,AIRLINE,36.391,-120.962,2018,6,597.78,0.0,178.56,376.65,42.57,0.0,44389641.6,2510328.24,75176.478,661829.76,22167.1764,41391.8658,31983.822,26410.311,49209.012,243961.452,178436.088,27320.49,0
73,1562,CA3735012030020180615,PLANADA,37.406,-120.292,2018,6,1875.69,0.0,186.12,1528.92,160.65,0.0,4788737.82,215338.86,10348.983,79331.76,5615.9568,2809.9107,5418.549,5837.5449,7271.802,28200.312,23855.346,1202.3874,0
74,1564,CA3756511912720180611,LIONS,37.588,-119.163,2018,6,5752.98,110.25,1998.0,2449.8,1152.18,42.75,573215360.9,29028291.03,1200611.529,8398126.08,317009.3769,440633.1267,340903.278,344477.3175,477352.683,3538228.455,3561426.927,196484.1273,0
75,1566,CA3805012095020180629,WAVERLY,38.0,-120.846,2018,6,4917.06,3.24,418.59,4389.93,13.05,92.25,10124853.3,468451.17,22121.505,160603.2,9731.1879,6393.7035,9395.208,10148.7627,12604.437,61440.489,57435.597,2543.8095,0
76,1571,CA3881012220020180630,COUNTY,38.683,-122.155,2018,6,37411.83,15.12,6642.0,20093.94,9948.6,712.17,2655014579.0,133929661.5,5595784.974,38880233.28,1474321.898,2026367.21,1569300.192,1597424.013,2188668.222,16446202.4,16682650.04,886303.1034,0
77,1576,CA3966012253020180609,CHROME,39.623,-122.559,2018,6,948.78,3.15,109.08,529.65,278.28,28.62,15336855.18,842343.12,27482.067,228842.64,8219.3418,13594.2723,10904.823,9509.7429,16394.076,86602.734,68963.652,8386.4016,0
78,1578,CA3994012236020180609,APPLE,39.924,-122.349,2018,6,1152.81,1.35,99.99,827.28,224.19,0.0,365798.88,14817.42,740.178,7083.36,731.313,156.9114,711.9,757.3986,960.282,1868.742,739.35,102.6126,0
79,1580,CA4034012191020180623,LANE,40.331,-121.831,2018,6,1636.29,0.0,279.0,971.73,380.07,5.49,158852465.1,8089131.78,329579.667,2330040.24,87643.674,123339.2247,95652.261,95631.2397,134701.11,975095.172,969229.134,56570.175,0
80,1581,CA4051012242020180624,CREEK,40.486,-122.518,2018,6,544.59,4.23,115.29,398.97,26.1,0.0,8879621.22,452659.95,18349.245,130543.2,4967.1765,6904.8819,5441.094,5423.2407,7673.643,54331.371,53571.411,3206.4489,1
81,1543,CA3338011743020180706,PENDLETON COMPLEX,33.364,-117.418,2018,7,1199.7,0.0,754.02,401.67,39.24,4.77,40489750.26,2394079.2,61023.429,611466.48,20118.0798,40608.0981,32371.785,24895.1619,51166.188,209199.69,119095.38,29984.8392,0
82,1546,CA3372011680020180725,CRANSTON,33.715,-116.705,2018,7,5292.36,28.71,1164.51,3113.19,985.95,0.0,452756150.1,25076633.49,802530.171,6727533.12,230947.0515,407557.9521,315061.218,269974.4301,477391.185,2548617.021,2015420.517,254331.8235,0
83,1547,CA3409611695820180706,VALLEY,34.105,-116.946,2018,7,506.7,4.14,116.28,271.62,114.39,0.27,57803499.36,2931401.07,120774.114,847151.28,31954.6827,44548.0956,34494.543,34760.1006,48372.795,356279.949,357444.927,20013.2397,0
84,1559,CA3664611822120180708,GEORGES,36.65,-118.233,2018,7,1215.0,5.13,768.24,338.94,40.86,61.83,76777930.44,4397425.47,124927.938,1156242.96,40224.9915,73025.6976,59263.767,48196.7442,91695.591,411693.165,274027.023,50528.0673,0
85,1565,CA3765211988120180713,FERGUSON,37.635,-119.807,2018,7,38801.34,18.72,6194.97,17204.4,15316.02,67.23,4958360511.0,245328957.6,10780506.34,72365981.04,2787664.279,3652005.226,2818142.235,2978214.143,3848526.243,31277575.05,32987224.22,1431444.655,0
86,1572,CA3906012314020180727,RIVER,39.055,-123.019,2018,7,19795.68,27.45,4201.74,10260.36,5119.74,186.39,1737471811.0,91421444.88,3406161.546,25606329.12,929853.6948,1430730.621,1106556.138,1040815.15,1607361.192,10331377.02,9520055.712,754021.0944,0
87,1573,CA3919012180020180731,BUTTE FIRE,39.198,-121.826,2018,7,414.81,0.0,74.25,302.4,38.16,0.0,5630694.12,271923.66,12587.148,82618.56,3418.4358,3954.0132,3280.734,3595.9464,4380.642,35966.682,38806.686,1375.3134,0
88,1574,CA3924012311020180727,RANCH,39.269,-122.775,2018,7,172800.09,272.16,42198.39,72117.54,52395.66,5816.34,17560131063.0,901732172.2,35920770.07,257910016.3,9622555.915,13842879.39,10736861.65,10566448.19,15245823.94,106924492.0,104333595.3,6601598.944,0
89,1583,CA4063012088020180727,WHALEBACK,40.627,-120.824,2018,7,7543.53,15.03,1115.37,4085.01,1953.0,375.12,836032183.9,42854705.28,1715129.568,12277258.56,459239.0832,656918.1432,510034.752,503593.2216,722979.864,5098708.656,4993209.648,310897.1304,0
90,1584,CA4065012263020180723,CARR,40.715,-122.593,2018,7,93175.11,220.23,13555.17,38597.49,39771.18,1031.04,10546387792.0,520417109.3,23025288.65,153856666.8,5940937.127,7729170.218,5963231.187,6334899.213,8118888.606,66688611.01,70687546.22,2979977.593,0
91,1589,CA4129012012020180713,EAGLE,41.268,-120.105,2018,7,856.17,27.81,215.28,463.14,118.98,30.96,61683044.4,3484833.03,104323.41,922071.6,31506.1191,57391.902,45147.267,37426.4118,69341.103,338299.281,245297.403,38004.7545,0
92,1591,CA4188012254020180705,KLAMATHON,41.946,-122.534,2018,7,14558.22,337.86,4053.69,7844.4,2312.37,9.9,938713404.1,52100378.19,1653594.561,13973368.32,483159.8565,847769.2443,661677.21,565361.6247,1003725.999,5263013.259,4107283.515,533896.2837,0
93,1592,CA4195612355120180715,NATCHEZ,41.895,-123.566,2018,7,15686.73,18.9,4322.43,7161.21,4183.74,0.45,2069212623.0,101400108.7,4565456.208,30156212.16,1172101.826,1496900.75,1155043.566,1243707.282,1560099.366,13165115.31,14130623.39,552112.6266,1
94,1545,CA3367611751620180806,HOLY,33.704,-117.468,2018,8,9246.69,0.54,1489.77,5352.39,2403.72,0.27,911014394.4,48509775.9,1747585.548,13447380.96,481285.7766,766141.0848,591212.646,544017.6756,867837.078,5353049.034,4784704.254,421545.609,0
95,1552,CA3511712010020180819,FRONT,35.119,-120.097,2018,8,455.76,3.96,67.32,352.89,31.59,0.0,34229329.92,2013979.95,52638.336,513929.52,16425.6327,34083.459,26377.461,20331.8244,41667.399,179094.609,108313.119,24689.3049,0
96,1553,CA3540011877020180803,TARINA,35.388,-118.758,2018,8,2013.3,8.1,409.23,1375.38,220.41,0.18,13314833.1,768809.16,21384.405,199832.4,6668.6922,12847.0185,10119.429,8081.7471,15771.996,71097.102,46691.136,8973.9,0
97,1554,CA3580012036020180806,TURKEY,35.81,-120.32,2018,8,938.25,4.95,82.26,751.59,99.45,0.0,5652433.8,343321.47,7943.994,85470.48,2649.8187,5924.4984,4624.911,3384.225,7440.471,28287.261,13694.319,4583.1825,0
98,1567,CA3831012199020180810,NELSON,38.312,-121.999,2018,8,892.44,3.06,40.86,207.81,340.11,300.6,4977876.24,227959.47,10643.562,81523.44,5505.8283,3047.742,5379.255,5746.491,7258.275,29326.797,25000.335,1351.5813,0
99,1568,CA3834911992920180801,DONNELL,38.383,-119.822,2018,8,14626.62,48.78,3634.11,4417.29,6282.63,243.81,1699084975.0,83417390.28,3737351.493,24775266.96,962721.9162,1233367.957,953688.789,1022900.673,1291095.828,10789698.65,11535577.78,461013.7536,0
100,1585,CA4089112222820180809,HIRZ,40.984,-122.279,2018,8,18899.37,7.38,7367.04,7721.01,3800.34,3.6,2323966988.0,112968723.4,5190471.72,33823202.4,1323224.681,1655897.461,1276038.45,1396147.637,1706963.166,14893208.08,16218774.27,577408.4802,0
101,1587,CA4099012153020180809,HAT,40.998,-121.489,2018,8,798.3,8.28,149.76,415.26,225.0,0.0,56636636.04,3039767.37,106960.356,837454.32,29807.8821,48289.7034,37386.243,33909.3108,55245.969,329876.019,287948.997,27344.3103,0
102,1588,CA4114012366020180816,MILL CREEK 1,41.141,-123.653,2018,8,1617.39,0.0,1008.27,412.29,196.83,0.0,191636626.5,9292169.43,429677.361,2787513.12,109179.1953,135906.6231,104556.294,114992.8155,139422.519,1231022.799,1346942.151,46492.7085,0
103,1590,CA4139512105720180815,STONE,41.425,-121.013,2018,8,15966.45,196.11,10535.49,3713.94,1512.36,8.55,1665182175.0,85193139.78,3429297.117,24432247.44,912492.288,1304059.731,1008121.527,999230.5395,1426207.662,10180221.34,10027646.84,610588.2726,1
104,1550,CA3449011860020180922,CHARLIE,34.521,-118.559,2018,9,1362.24,0.0,132.39,1100.88,128.97,0.0,97899968.88,5971411.26,136205.082,1479284.64,45099.8946,103332.0618,79981.164,57978.1458,129091.05,487992.942,231203.646,80368.5726,0
105,1569,CA3839611945120180904,BOOT,38.386,-119.429,2018,9,2813.49,41.85,449.01,1305.09,741.78,275.76,208364726.9,11844517.86,347292.216,3119116.32,106077.1554,195872.2812,154415.502,126686.9376,238149.234,1133929.134,799781.058,131830.5006,0
106,1570,CA3873012240020180908,SNELL,38.714,-122.39,2018,9,1008.63,3.42,200.97,627.12,177.12,0.0,66282573.6,3659331.96,118302.372,984306.24,33898.4676,59338.5732,45850.248,39515.058,69304.788,374498.748,299557.692,36681.894,0
107,1575,CA3927312065620180903,NORTH,39.276,-120.632,2018,9,513.45,0.0,58.5,77.31,375.75,1.89,73213828.56,3558206.43,163592.748,1065371.76,41652.4167,52148.385,40136.985,43940.628,53672.895,469344.753,511467.975,18144.2097,0
108,1582,CA4061612352420180904,KERLIN,40.625,-123.512,2018,9,718.65,0.0,198.09,268.92,251.1,0.54,92105532.18,4474068.21,205969.023,1340112.96,52404.6123,65542.0509,50426.406,55263.6225,67388.841,590739.525,644385.429,22716.0531,0
109,1586,CA4094312242720180905,DELTA,41.007,-122.462,2018,9,25788.87,91.26,3733.2,8287.11,13677.12,0.18,3496762706.0,170456672.7,7778545.911,50905505.52,1984664.455,2504879.888,1927865.421,2098088.605,2587361.994,22357648.22,24237936.23,890255.7234,1
110,1555,CA3622011858020181013,MOUNTAINEER FIRE,36.22,-118.578,2018,10,530.91,9.27,337.95,173.07,10.62,0.0,51258956.04,2492800.47,114431.652,745932.24,29138.6763,36555.327,28125.045,30752.982,37638.135,328431.357,357547.995,12774.6873,0
111,1556,CA3622011862020181004,ALDER,36.239,-118.632,2018,10,2114.91,1.8,1047.96,761.13,303.75,0.27,279644594.6,13564879.47,626634.927,4067943.84,159283.3833,198468.2313,152701.488,167810.9049,203721.831,1795730.679,1963461.987,68094.2421,0
112,1557,CA3641011873720181004,EDEN,36.409,-118.733,2018,10,731.07,0.0,227.34,440.1,63.63,0.0,103860026.5,5037175.89,232787.313,1510803.36,59166.5319,73688.3055,56697.264,62327.1231,75626.001,667026.585,729527.661,25252.6707,0
113,1579,CA4022012217020181007,SUN,40.23,-122.143,2018,10,1586.61,7.2,255.42,1241.82,82.17,0.0,27673047.54,1354234.14,61034.373,404231.76,15958.2204,19955.9601,15715.395,16921.4859,21222.378,175842.684,188107.65,7377.5178,1
114,1548,CA3424011870020181108,WOOLSEY,34.125,-118.824,2018,11,39618.27,62.91,9557.73,21301.02,8598.33,98.28,2239682953.0,131830767.5,3438293.157,33645561.84,1078475.515,2231414.328,1731898.935,1334814.63,2735845.146,11705543.06,7042929.75,1619147.961,0
115,1549,CA3424011893020181108,HILL,34.207,-118.953,2018,11,1791.18,0.27,962.28,790.29,38.34,0.0,110786195.7,6691686.75,158585.463,1671161.76,51643.3041,115112.0673,89122.176,65687.4801,143033.823,559732.239,285960.699,87918.4125,0
116,1577,CA3982012144020181108,CAMP,39.748,-121.565,2018,11,61971.21,206.19,25058.25,20955.24,15424.92,326.61,5008799091.0,245276887.0,11064407.51,72980987.76,2836614.266,3618682.699,2789653.779,3008359.89,3764559.969,31891565.33,34282998.98,1327714.062,6
117,1602,CA3572011963220190507,REFUGE,35.707,-119.617,2019,5,1379.61,11.7,297.72,1019.25,50.94,0.0,11878042.68,659698.2,18447.012,193465.44,10477.7964,10549.3248,13437.0,11860.6032,20028.384,59370.66,26155.62,8083.4256,1
118,1600,CA3533311990620190605,BOULDER,35.32,-119.93,2019,6,482.49,85.68,134.1,262.71,0.0,0.0,628284.24,38299.95,872.766,9511.92,294.7347,662.3064,518.715,377.5986,835.947,3125.925,1462.095,516.2733,0
119,1601,CA3566212040420190612,MCMILLAN,35.677,-120.373,2019,6,784.62,26.19,138.6,592.2,27.27,0.36,1388508.84,82066.32,2035.998,21368.16,795.438,1387.0566,1231.182,967.1562,1929.096,7005.06,3478.608,1058.2128,0
120,1603,CA3627712094320190625,LONOAK,36.207,-121.043,2019,6,1051.2,175.68,165.42,680.04,30.06,0.0,5005084.32,303200.01,7016.184,76139.28,2482.9605,5218.1298,4227.831,3136.8276,6767.253,24927.075,11664.189,4059.9819,0
121,1606,CA3747212124920190625,ROCK,37.475,-121.257,2019,6,990.09,7.74,66.06,742.23,90.18,83.88,14124578.94,823898.88,21688.461,215280.72,7768.2438,13825.6929,11802.897,9394.1919,18407.52,73202.706,41918.508,10134.4788,0
122,1611,CA3892812226620190608,SAND,38.904,-122.259,2019,6,989.28,13.23,264.42,503.46,207.9,0.27,68116593.24,3576308.76,134113.356,1003223.52,36442.3644,55878.0264,43119.504,40723.0632,62512.128,406066.932,376616.196,29175.5088,1
123,1604,CA3628411822820190725,COW,36.287,-118.209,2019,7,803.79,1.26,541.53,196.65,11.43,52.92,59527954.44,2967635.79,127620.9,871750.8,33784.6023,44440.1838,34909.929,36292.6188,48114.675,372096.225,384695.991,18370.6173,0
124,1608,CA3782611887220190726,SPRINGS,37.835,-118.904,2019,7,2413.62,4.14,1980.9,420.03,4.05,4.5,211324171.1,10696177.26,443052.027,3095479.44,116823.0816,162296.9955,125448.921,126897.4449,175562.694,1305211.32,1315592.154,72152.8038,0
125,1620,CA4172612124320190728,TUCKER,41.799,-121.234,2019,7,5695.02,16.11,931.14,3938.04,787.77,21.96,366579437.0,22135655.61,522799.29,5545573.2,175184.4177,380530.9368,299670.777,221932.863,480084.057,1845855.639,923666.373,291887.0703,1
126,1612,CA3988012002520190824,LONG VALLEY,39.882,-119.995,2019,8,225.45,0.0,15.3,112.68,96.93,0.54,12527907.84,757456.02,17878.284,189038.88,5840.5122,13037.4792,10102.554,7435.2564,16221.762,63197.838,32016.186,9978.6798,0
127,1617,CA4058912057520190828,R-1  RANCH,40.598,-120.536,2019,8,1520.28,10.35,558.81,687.87,131.58,131.67,97709984.28,5879248.02,140748.372,1477362.24,46918.7658,100848.0348,79470.738,59213.4264,127046.286,494340.534,253753.362,76846.9986,0
128,1619,CA4096212030820190808,W-1 MCDONALD,40.973,-120.289,2019,8,461.52,0.09,85.59,181.98,10.35,183.51,19694842.38,1144598.94,30217.887,302102.64,11423.3832,19137.1203,17008.101,13699.4841,26395.578,101645.568,56765.754,14102.1666,1
129,1593,CA3352811727320190904,TENAJA,33.549,-117.258,2019,9,733.32,0.27,285.75,423.54,22.59,1.17,52703921.88,3058499.52,83907.612,789611.04,25718.0688,51300.4608,39757.788,31393.1304,62243.316,280553.184,182294.712,36067.2156,0
130,1605,CA3703411834520190904,TABOOSE,37.018,-118.345,2019,9,4189.32,2.07,3257.73,848.25,57.42,23.85,326339882.5,19125342.99,506799.747,4897751.04,157630.6377,322834.4649,250263.252,194287.2849,394289.235,1715589.927,1058764.923,231991.7337,0
131,1614,CA4005312066920190904,WALKER,40.09,-120.585,2019,9,23695.83,88.29,5639.76,7970.31,9381.33,616.14,2781115694.0,137435208.7,6056658.243,40592403.36,1567768.76,2043607.893,1580168.916,1673495.27,2155201.263,17558326.0,18549229.06,795915.5805,0
132,1615,CA4010912278920190905,SOUTH,40.118,-122.823,2019,9,2273.94,0.81,768.96,1094.58,313.2,96.39,208804411.6,11117265.75,399807.657,3087649.44,111781.9809,175503.4191,137171.358,126264.0771,201297.015,1224653.247,1088510.247,97001.3709,0
133,1616,CA4012012264020190905,RED BANK,40.157,-122.676,2019,9,3257.91,1.35,655.02,2084.85,507.24,9.45,264741908.4,14998770.63,446443.38,3948894.0,132098.7051,247606.569,191488.797,157633.8768,294978.483,1451673.261,1053350.523,164230.2045,0
134,1618,CA4088712301420190905,MIDDLE,40.883,-123.002,2019,9,548.46,0.0,161.73,106.65,280.08,0.0,72924375.42,3569919.21,161178.759,1062413.28,41286.6495,52655.0193,40565.106,43776.2781,54718.713,464483.745,499686.489,19271.6739,0
135,1621,CA4174812105620190905,LONE,41.766,-121.034,2019,9,2217.51,0.9,1183.41,1002.33,30.69,0.18,136870190.1,8296400.34,193037.049,2072065.68,65155.3056,142952.8869,112599.099,82867.1247,180778.878,685518.84,332955.486,110449.287,0
136,1622,CA4186612267020190905,LIME,41.866,-122.661,2019,9,747.0,1.44,364.77,358.2,22.5,0.09,61796045.34,3411289.08,110129.787,918948.24,31944.051,55297.6875,43129.179,37203.7941,65160.936,348636.474,277432.776,34283.6388,1
137,1594,CA3399211705920191010,SANDALWOOD,33.999,-117.084,2019,10,421.2,0.0,53.19,361.62,6.21,0.18,23006391.3,1392161.67,32680.449,347698.08,10844.8137,23968.6839,18727.326,13792.8555,30061.071,115711.191,57602.079,18417.3525,0
138,1595,CA3428211880320191030,EASY,34.267,-118.829,2019,10,846.27,1.44,364.05,469.71,8.64,2.43,34807997.16,2104635.87,49644.774,525390.48,16267.0707,36224.6076,28118.043,20701.8486,45143.055,175514.229,88683.327,27741.4857,0
139,1596,CA3432611848120191010,SADDLERIDGE,34.318,-118.515,2019,10,3883.41,19.98,1033.92,2167.92,661.59,0.0,195866018.3,11523890.88,300967.794,2942592.48,94472.2764,194998.221,151480.026,116857.6974,239206.824,1024075.332,617143.464,141398.9856,0
140,1597,CA3433711905320191031,MARIA,34.314,-119.066,2019,10,4050.99,22.59,1070.64,2730.6,219.78,7.38,190990462.5,11413069.74,280590.021,2883471.12,92209.554,194947.8201,153408.123,115588.3491,244288.17,975660.516,526555.962,146505.249,0
141,1598,CA3447311836820191024,TICK,34.451,-118.394,2019,10,1978.74,23.31,446.94,1497.15,11.34,0.0,93308584.5,5690609.37,129832.551,1410117.12,43055.0991,98462.3661,76287.69,55328.2569,123108.093,465088.257,220265.865,76583.7855,0
142,1607,CA3760511996620191006,BRICEBURG,37.608,-119.932,2019,10,2237.31,0.0,299.52,1350.72,580.86,6.21,259863160.7,13129328.88,546535.764,3804662.88,143665.6104,198928.656,153522.396,155847.2904,214440.804,1608049.512,1627750.944,87573.0636,0
143,1609,CA3872412014620191010,CAPLES,38.706,-120.16,2019,10,1405.8,0.0,411.3,491.31,469.89,33.3,159423141.2,7849290.24,349156.008,2325612.96,90128.7144,116344.2276,89959.32,95955.3684,122184.828,1009827.144,1074079.8,44286.8868,0
144,1610,CA3879612276720191023,KINCADE,38.672,-122.776,2019,10,31246.56,241.92,16085.07,9518.31,5230.08,171.18,2162225416.0,106790211.0,4709475.945,31580514.0,1225729.521,1586870.493,1234503.153,1307923.498,1683261.756,13647689.26,14407173.43,617859.8568,1
145,1599,CA3451411979320191125,CAVE,34.489,-119.768,2019,11,1111.41,0.45,442.89,539.46,128.52,0.09,85218621.66,4866946.2,141047.721,1272946.32,42199.6842,80780.4333,62504.289,50735.7963,96821.46,462773.646,324430.776,54670.6512,0
146,1613,CA4004012260920191103,RANCH,40.055,-122.628,2019,11,1179.0,0.0,238.23,660.51,280.26,0.0,94045870.08,5452619.85,150148.224,1408225.68,45792.6453,91408.617,70670.079,55867.5756,110591.541,501437.331,328004.541,64083.9051,6
147,1676,CA20200531_20200605_UCM320_SCORPION_CF00001216,SCORPION,34.03622128,-119.5422172,2020,5,523.62,3.78,102.33,415.98,0.72,0.81,21983221.8,1335832.56,30794.256,332845.92,10408.1184,23053.2516,18124.776,13277.5668,29145.852,109767.6,52402.464,17884.746,1
148,1623,CA20200610_20200610_UCM100_SODA_CF00007149,SODA,35.33064948,-119.9490293,2020,6,666.0,185.58,360.54,119.88,0.0,0.0,1423920.96,86689.26,1981.404,21581.28,676.539,1497.5856,1181.934,864.018,1901.934,7084.962,3311.046,1167.1362,0
149,1627,CA20200622_20200625_UCM121_GRADE_CF00000298,GRADE,36.55394741,-119.1725198,2020,6,418.86,0.0,76.23,342.54,0.0,0.09,7629304.14,371946.15,16901.451,111525.12,4449.7557,5461.0929,4345.92,4706.8641,5847.687,48578.715,52163.415,1980.1413,0
150,1628,CA20200612_20200612_UCM128_GRANT_FIRE_CF00016543,GRANT FIRE,38.56711914,-121.1545024,2020,6,2043.36,6.57,120.06,1573.92,41.94,300.87,5418612.18,237132.81,11284.605,95385.6,7964.6067,2931.0471,7786.8,8283.0519,10517.553,30110.301,20309.985,1523.3571,0
151,1648,CA20200606_20200618_UCM227_QUAIL_CF00008419,QUAIL,38.47420835,-122.0173739,2020,6,741.15,3.69,503.73,201.6,10.35,21.78,23947723.08,1171287.54,52720.614,350743.68,14067.1566,17240.805,13877.1,14915.097,18756.09,151831.314,161546.13,6430.0446,0
152,1673,CA20200622_20200626_UCM316_IVANPAH_CF00009202,IVANPAH,35.19096713,-115.1834911,2020,6,422.46,0.0,421.92,0.45,0.0,0.09,31524518.88,1925604.99,43674.102,476443.44,14492.5947,33350.5368,25807.851,18661.4226,41689.323,156828.573,73451.079,26005.4541,0
153,1692,CA20200616_20200623_UCM58_WALKER_CF00006494,WALKER,38.07062309,-120.7061626,2020,6,560.43,0.0,47.16,428.58,83.43,1.26,30695444.28,1632570.3,59009.49,453024.0,16237.593,25761.2166,19884.276,18336.2238,29158.542,180575.334,161897.094,14116.8186,0
154,1695,CA20200628_20200701_UCM76_PASS_CF00013431,PASS,37.04631279,-121.1633091,2020,6,871.92,33.57,618.12,220.23,0.0,0.0,4747599.54,249147.0,9326.133,70115.76,2593.0026,3889.1421,3063.069,2894.4675,4438.584,28229.886,25986.816,2043.7308,1
155,1624,CA20200728_20200803_UCM107_BRANCH_CF00009669,BRANCH,35.29474207,-120.0239454,2020,7,1174.5,8.46,81.81,1045.71,38.52,0.0,17584029.18,1069746.57,24651.855,265586.4,8128.7199,18482.2281,14309.514,10419.5205,23060.889,87964.353,42545.961,14307.2451,0
156,1630,CA20200713_20200726_UCM139_MINERAL_CF00010219,MINERAL,36.1761018,-120.5600361,2020,7,11958.39,43.29,5237.28,5785.29,849.06,43.47,820664653.0,45659768.13,1440292.05,12206062.8,417464.8821,744412.2912,576295.389,489922.4214,876131.397,4594859.379,3572506.521,470716.8867,0
157,1632,CA20200715_20200718_UCM157_COYOTE_CF00003441,COYOTE,36.67474452,-120.9989679,2020,7,593.82,0.0,567.0,26.82,0.0,0.0,15540078.06,892982.79,25353.801,232341.12,7638.6465,14882.5683,11506.23,9238.8087,17899.299,83774.799,57173.895,10219.6737,0
158,1636,CA20200705_20200715_UCM177_CREWS_CF00004686,CREWS,37.01675957,-121.4539694,2020,7,2217.15,3.24,1553.76,581.04,17.37,61.74,119188446.8,6186353.58,239040.972,1755469.44,65248.983,95760.126,74896.974,72228.5136,107449.146,717322.554,680568.606,48007.9638,0
159,1638,CA20200731_20200809_UCM184_APPLE_CF00096640,APPLE,34.02490173,-116.8574842,2020,7,13366.17,44.37,834.84,3065.94,9404.1,16.92,1292206924.0,68860195.74,2474287.11,19082973.6,683910.3978,1088098.429,841702.392,773449.0542,1236296.466,7584054.822,6757117.038,600874.8966,0
160,1640,CA20200705_20200707_UCM194_SOLEDAD_CF00197926,SOLEDAD,34.45470565,-118.3362808,2020,7,609.39,1.26,65.88,541.35,0.9,0.0,41134600.98,2493117.27,58285.557,621001.44,19132.2153,42975.1323,33311.898,24418.1079,53562.951,206795.799,102815.127,33046.9101,0
161,1649,CA20200723_20200815_UCM234_DALTON_CF00000498,DALTON,41.72501425,-121.0601574,2020,7,542.52,0.0,464.76,77.67,0.09,0.0,35949353.4,2173630.68,51048.918,544145.76,17201.9952,37394.4798,29504.178,21813.2154,47293.956,180612.0,89240.292,28770.498,0
162,1650,CA20200721_20200827_UCM235_ALLEN_CF00000470,ALLEN,41.35755778,-121.0760707,2020,7,412.56,4.59,268.2,129.51,9.72,0.54,37994871.78,1950748.38,77761.017,557911.44,20793.33,29944.0053,23189.607,22830.6375,32921.802,231439.716,226045.458,14259.6666,0
163,1668,CA20200718_20200828_UCM302_HOG_CF00003874,HOG,40.42023066,-120.8050785,2020,7,3848.58,6.21,326.97,1338.84,2114.91,61.65,492280599.1,24052388.76,1090735.515,7173054.0,279972.3942,354123.9927,273819.771,296468.4897,368616.42,3139476.93,3385506.384,128197.7352,0
164,1669,CA20200727_20201119_UCM305_RED_SALMON_COMPLEX_CF00000643,RED SALMON COMPLEX,41.11928079,-123.3944016,2020,7,58078.17,26.37,17917.56,21715.47,18323.64,95.13,7453900621.0,362626174.7,16625015.11,108519526.1,4247307.67,5318908.725,4105678.41,4483990.644,5498185.851,47725785.71,51878409.61,1867097.103,0
165,1670,CA20200725_20201119_UCM312_BLUEJAY_CF00000054,BLUEJAY,37.84126306,-119.6110573,2020,7,2780.19,43.56,855.36,1515.6,363.6,2.07,224684861.8,11825410.23,439910.208,3313902.96,120857.1147,185074.695,143900.865,135280.53,209070.315,1334625.453,1226222.595,97839.8037,0
166,1671,CA20200722_20200901_UCM313_CALDWELL_CF00000479,CALDWELL,41.73458816,-121.4543373,2020,7,32816.34,2267.1,12630.69,14288.31,3231.27,398.97,2239991996.0,126575803.5,3787755.291,33478679.52,1142043.954,2084952.749,1637903.718,1357099.77,2516187.537,12285292.91,8909228.457,1380754.63,0
167,1682,CA20200729_20200804_UCM333_NADEAU_CF00011339,NADEAU,36.01384218,-117.4633597,2020,7,3696.93,0.0,932.67,2697.57,30.87,35.82,280807918.2,16900117.83,405986.562,4234058.64,131683.4415,290067.4512,224858.691,166805.2602,360072.675,1425373.497,746182.179,220090.8645,0
168,1689,CA20200720_20201029_UCM431_GOLD_CF00003917,GOLD,41.06383926,-120.816197,2020,7,9125.91,2.34,3752.28,3769.38,1598.04,3.87,1101213444.0,54710946.18,2379259.188,16079916.96,616583.8602,817344.9072,630115.722,660682.3356,864420.714,6921520.326,7245488.178,328159.5174,0
169,1693,CA20200701_20200705_UCM60_BENA_CF02027271,BENA,35.30659054,-118.6491567,2020,7,1162.89,28.35,76.59,986.94,69.21,1.8,5846007.42,323595.36,10091.151,88791.12,3491.5194,5234.8815,4651.515,4033.2825,7004.34,32096.286,23113.98,3426.8904,1
170,1625,CA20200801_20200809_UCM111_POND_CF00009866,POND,35.39569232,-120.4330707,2020,8,791.01,2.7,81.0,562.59,144.72,0.0,54617083.74,3172838.85,86760.279,818203.68,26564.9643,53256.9897,41206.086,32468.3757,64562.805,290450.709,188014.149,37512.4743,0
171,1629,CA20200815_20200927_UCM137_HILLS_CF00012279,HILLS,35.97781184,-120.3001306,2020,8,849.6,0.99,756.45,91.8,0.0,0.36,64495131.12,3572253.81,114292.602,958490.64,32936.8941,58057.3296,44927.757,38500.0902,68074.101,362976.219,286834.113,36245.3139,0
172,1631,CA20200818_20200906_UCM154_CARMEL_CF00004081,CARMEL,36.41717633,-121.6542699,2020,8,2823.3,2.34,704.25,1628.37,436.32,52.02,261476984.0,13676231.16,518074.353,3850612.56,140847.5898,213034.5549,164975.481,156897.8235,238347.036,1563915.87,1462162.104,109739.9016,0
173,1633,CA20200816_20200904_UCM163_RIVER_CF00004024,RIVER,36.4817366,-121.5674233,2020,8,20308.05,38.34,8438.22,7283.52,4228.11,319.86,1668887253.0,86845933.98,3336747.642,24556911.84,902887.245,1347428.349,1043413.884,1001746.795,1500412.626,10032653.93,9497337.246,679944.6198,0
174,1634,CA20200817_20200822_UCM169_HOLSER_CF00066767,HOLSER,34.45758441,-118.7324555,2020,8,882.81,3.96,108.81,696.96,73.08,0.0,52779997.08,3135652.74,78943.968,794957.76,25363.8234,53378.0064,41674.518,31654.5588,66177.054,272189.286,153988.362,39555.4626,0
175,1635,CA20200816_20200911_UCM175_SCU_COMPLEX_CF00005740,SCU COMPLEX,37.35146709,-121.4469168,2020,8,160572.42,76.59,71625.51,69351.39,17002.44,2516.49,12101704712.0,644570152.8,23185409.98,178755732.7,6422157.582,10180831.13,7892582.373,7259271.109,11587415.61,71038286.51,63314055.93,5617024.849,0
176,1642,CA20200816_20200924_UCM21_CZU_LIGHTNING_COMPLEX_CF00005205,CZU LIGHTNING COMPLEX,37.14747448,-122.2237692,2020,8,34941.6,19.44,7419.06,9401.49,18080.55,21.06,4212760733.0,205202046.6,9380987.622,61328643.84,2394206.87,3013344.095,2321272.026,2529721.143,3112707.096,26950775.9,29249119.76,1065803.011,0
177,1644,CA20200817_20200902_UCM223_MEYERS_CF00013481,MEYERS,38.50605403,-123.2038079,2020,8,946.53,0.45,444.33,264.33,235.62,1.8,73944533.88,3607750.8,163444.77,1082253.6,43420.554,52993.1466,42548.706,45959.6358,57338.712,469992.204,502676.064,19415.5056,0
178,1645,CA20200817_20200902_UCM224_WALLBRIDGE_CF00013407,WALLBRIDGE,38.61605842,-123.0123944,2020,8,22294.35,19.62,7538.04,7891.38,6733.26,112.05,2540877569.0,124712629.5,5592125.916,37042272.72,1438368.155,1843583.499,1423603.449,1527969.928,1926501.651,16141773.75,17272514.51,687411.0909,0
179,1646,CA20200817_20200916_UCM225_HENNESSEY_CF00013337,HENNESSEY,38.61777795,-122.2386775,2020,8,123185.25,365.49,43019.55,48398.22,29471.4,1930.59,8474684099.0,436042285.4,17280816.16,124484843.5,4630242.026,6704728.096,5193133.794,5092233.228,7387926.894,51514253.69,50068734.43,3223803.069,0
180,1651,CA20200816_20200827_UCM236_BEACH_CF00002140,BEACH,37.93308926,-118.9869772,2020,8,1479.69,14.85,102.51,1308.51,38.79,15.03,107208423.2,6521394.42,150197.823,1620275.76,49842.882,112651.4619,87546.825,63824.9481,141026.022,535946.292,258063.75,87277.3686,0
181,1652,CA20200814_20200827_UCM237_LOYALTON_CF00001600,LOYALTON,39.70744261,-120.1077695,2020,8,18858.24,3.24,2256.93,7220.7,7998.66,1378.71,1409755712.0,78922839.96,2435419.854,21027768.48,722840.472,1291832.134,1012077.45,852027.8058,1544738.796,7820695.296,5896523.7,834130.8108,0
182,1653,CA20200817_20200907_UCM238_SHEEP_CF00001299,SHEEP,40.32565658,-120.7209697,2020,8,11911.41,3.78,1002.87,4091.4,6628.05,185.31,1473873087.0,72246948.39,3250542.006,21480451.92,834592.6935,1066807.904,823065.111,885758.535,1112067.171,9375085.233,10057801.06,394203.5253,0
183,1654,CA20200818_20201231_UCM239_DOLAN_CF00002428,DOLAN,36.07113431,-121.462485,2020,8,50337.18,32.67,10675.08,20721.15,18466.11,442.17,4826346001.0,248029208.1,9865773.009,70853176.08,2632247.129,3810430.934,2942619.435,2892378.916,4181199.318,29383642.08,28667999.43,1820023.342,0
184,1656,CA20200817_20201203_UCM242_NORTH_COMPLEX_CF00001302,NORTH COMPLEX,39.72888713,-121.196267,2020,8,128894.04,1326.6,8862.39,30106.44,87838.74,759.87,18283886834.0,889556170.2,40786474.88,266121434.2,10398928.66,13049388.52,10050377.32,10978514.37,13457893.74,117092070.4,127342578.8,4576977.764,0
185,1657,CA20200819_20210104_UCM243_CASTLE_CF00002541,CASTLE,36.21697263,-118.5458922,2020,8,68846.58,652.86,10095.3,26859.51,30531.87,707.04,8618198136.0,424951025.5,18834754.55,125729812.1,4862011.418,6307035.671,4871243.853,5181715.247,6626948.121,54525277.97,57856375.74,2421759.592,0
186,1661,CA20200816_NA_UCM259_ROCKWELL_CF00000746,ROCKWELL,39.68378687,-122.7719726,2020,8,581.4,0.0,26.82,238.14,316.35,0.09,82605410.64,4045632.57,182478.51,1203368.4,46708.4889,59696.6868,45938.781,49539.7386,61994.673,526011.471,565609.509,21899.8503,0
187,1663,CA20200812_20200830_UCM274_LAKE_CF00003273,LAKE,34.67641957,-118.555063,2020,8,12506.13,8.73,807.57,3691.62,7995.24,2.97,1065409139.0,59821945.83,1833322.824,15866840.88,536159.5299,981558.0774,758775.825,634556.2356,1161425.547,5904161.973,4440649.995,635993.3205,0
188,1664,CA20200813_20201001_UCM275_RANCH2_CF00003289,RANCH2,34.19694455,-117.9076775,2020,8,1650.06,0.18,31.41,379.35,1239.12,0.0,163320526.6,8708147.37,312484.257,2411411.04,86214.2643,137669.4711,106280.676,97557.2703,156187.197,958263.021,853225.209,76120.3719,0
189,1667,CA20200816_20201111_UCM300_AUGUST_COMPLEX_FIRES_CF00008864,AUGUST COMPLEX FIRES,39.93152304,-122.9959521,2020,8,417701.16,420.57,103830.39,135594.72,170053.65,7801.83,48153522936.0,2397097861.0,103674378.0,703652192.6,26999938.74,35867693.73,27747518.96,28972566.7,38154506.11,301989456.9,314603813.4,14591377.5,0
190,1672,CA20200815_20200912_UCM314_DOME_CF00012356,DOME,35.2935454,-115.5846521,2020,8,17861.22,0.63,7155.81,10670.4,0.27,34.11,1323082093.0,80752706.46,1837263.582,19994365.44,609078.0546,1397913.964,1082047.968,783539.145,1747069.398,6589117.278,3105399.222,1088527.869,0
191,1674,CA20200821_20201229_UCM317_MORAINE_CF00000091,MORAINE,36.72719052,-118.5516108,2020,8,526.32,16.83,290.07,201.42,17.55,0.45,38281161.78,1929863.34,80624.331,561485.52,21516.552,29173.1787,22888.809,23301.1449,31916.862,236857.32,239522.346,12798.3726,0
192,1675,CA20200816_20201228_UCM319_RATTLESNAKE_CF00000080,RATTLESNAKE,36.430343,-118.4150668,2020,8,3354.03,44.46,1246.32,1478.25,344.25,240.75,291978426.2,14604326.46,621111.438,4288664.16,168080.7258,219192.4926,175511.088,180990.5886,242955.45,1814939.478,1852440.462,93178.9278,0
193,1677,CA20200810_20201119_UCM321_WOLF_CF00000075,WOLF,37.88102161,-119.6231191,2020,8,823.95,7.83,384.48,420.21,11.43,0.0,67027500.0,3507152.49,132751.26,986864.4,36022.2813,54650.475,42237.531,40142.1384,61043.949,400857.003,374722.029,28172.6595,0
194,1678,CA20200818_20201120_UCM322_WOODWARD_CF00012009,WOODWARD,38.02328105,-122.8210841,2020,8,1977.12,0.09,790.83,752.4,433.8,0.0,240003424.6,11715315.48,532699.983,3495393.36,136273.2102,172355.7087,132887.727,144201.5361,178657.704,1532395.026,1656540.648,61894.9044,0
195,1683,CA20200802_20200810_UCM334_NORTH_CF00030547,NORTH,39.84956022,-119.9905237,2020,8,1110.24,5.13,174.15,560.25,339.48,31.23,79414133.76,4613928.3,125989.866,1190538.72,38839.3002,77442.7698,60179.364,47444.5098,94267.53,421896.006,271881.126,54635.3982,0
196,1684,CA20200829_20201113_UCM343_SLINK_CF00030684,SLINK,38.52241737,-119.5658973,2020,8,10792.26,15.75,2814.84,4543.02,2520.72,897.93,966969352.6,49878732.15,1958069.223,14244341.76,536362.3701,768103.4997,605856.42,590804.7453,864217.431,5848316.955,5612203.935,376397.6229,0
197,1685,CA20200818_20200913_UCM347_W-5_COLD_SPRINGS_CF00004727,W-5 COLD SPRINGS,41.09414628,-120.0796157,2020,8,28322.01,686.61,5899.5,13628.88,7903.98,203.04,2594337146.0,139327637.0,4890362.886,38387265.12,1370526.462,2214115.414,1721203.974,1559550.875,2544524.712,15090992.1,13123421.86,1258284.658,0
198,1690,CA20200820_20200905_UCM56_MOC_CF00009457,MOC,37.78706787,-120.2725478,2020,8,1151.64,0.18,465.66,525.24,157.23,3.33,90010276.92,4684505.76,179999.298,1324006.56,48566.6028,72692.7642,56142.234,53893.0854,80739.072,541249.092,512770.536,36659.3544,0
199,1691,CA20200818_20200828_UCM57_SALT_CF00009353,SALT,37.99910983,-120.7523615,2020,8,642.15,0.18,66.51,575.19,0.27,0.0,18095307.12,908067.33,38487.6,264589.2,10040.6241,13681.8234,10536.291,10837.53,14611.401,112714.407,115754.409,5807.1159,0
200,1694,CA20200803_20200803_UCM74_STAGECOACH_CF02033315,STAGECOACH,35.45344473,-118.484881,2020,8,3115.08,0.09,353.43,2242.44,472.95,46.17,276849676.1,15450089.76,482683.446,4119865.92,140438.0844,252422.7282,195446.862,165261.8646,297801.684,1544650.164,1187602.848,160966.6596,1
201,1626,CA20200927_20201013_UCM119_ZOGG_CF00009978,ZOGG,40.43746497,-122.6220128,2020,9,22779.72,105.3,15519.51,4389.75,2583.27,181.89,930243247.6,46856283.84,1965620.376,13617249.12,516586.86,708098.7708,547677.0,559115.8092,762627.204,5771170.584,5874244.2,307175.6412,0
202,1641,CA20200906_20201019_UCM200_BOBCAT_CF00003687,BOBCAT,34.33230369,-117.9296765,2020,9,45854.01,508.59,6560.55,21556.8,17182.89,45.18,4381853573.0,233702159.7,8377732.665,64712520.0,2315694.817,3695290.116,2856528.846,2620791.395,4198781.043,25697393.99,22849293.52,2046216.939,0
203,1643,CA20200907_20200928_UCM22_OAK_CF00010700,OAK,39.48826135,-123.3779504,2020,9,456.93,0.0,138.42,126.36,191.97,0.18,50101353.72,2441149.74,111499.938,729509.76,28496.2194,35855.9622,27655.596,30116.0142,37101.51,320387.598,347410.494,12717.7794,0
204,1647,CA20200927_20201020_UCM226_GLASS_CF00015497,GLASS,38.53799987,-122.5461373,2020,9,27217.44,60.3,6179.76,10159.65,10561.05,256.68,2802077641.0,138497239.4,6100684.83,40898484.0,1579080.611,2059747.141,1592326.062,1685794.12,2172218.256,17688113.17,18680907.17,803040.8616,0
205,1655,CA20200914_20200928_UCM240_FOX_CF00007241,FOX,41.23970758,-122.8534927,2020,9,808.11,0.09,235.53,425.7,146.79,0.0,88052885.28,4290430.05,196006.014,1281750.48,49985.0973,63024.21,48496.329,52825.4226,65051.181,563223.051,611089.641,22328.3691,0
206,1658,CA20200908_20201108_UCM244_FORK_CF00027219,FORK,38.98710069,-120.4242487,2020,9,674.19,0.0,166.59,328.5,177.21,1.89,76187360.52,3706444.35,169984.44,1108803.6,43310.1735,54369.5274,41846.229,45721.3392,56026.323,487980.801,530859.951,19052.8749,0
207,1659,CA20200904_20201224_UCM247_CREEK_CF00001391,CREEK,37.33285595,-119.2763844,2020,9,153659.34,1877.94,22777.92,58350.33,67141.62,3511.53,17282058630.0,866254571.0,36798074.12,252842791.0,9648032.829,13037010.6,10098796.69,10404891.04,13990887.3,107682037.6,110632834.9,5514739.516,0
208,1660,CA20200909_NA_UCM253_DEVIL_CF00007084,DEVIL,41.92444387,-123.2334926,2020,9,3559.59,0.54,1209.96,1584.9,763.92,0.27,320198033.5,15688457.19,706375.17,4668260.4,181893.8583,231542.9244,179253.315,192991.8726,242122.527,2036705.409,2184684.075,85464.5769,0
209,1662,CA20200908_20201212_UCM265_SLATER_CF00007035,SLATER,41.94589683,-123.5010248,2020,9,45117.0,45.36,7713.36,6458.13,30891.87,8.28,6182868848.0,300274013.9,13830083.06,89959301.28,3519108.968,4397973.037,3384558.108,3710588.094,4522024.368,39661082.46,43274972.77,1522258.517,0
210,1665,CA20200905_20200924_UCM276_VALLEY_CF00002833,VALLEY,32.7369641,-116.6890363,2020,9,6573.15,3.42,689.76,2678.49,3201.48,0.0,500192174.7,29466639.99,766626.129,7512353.28,239886.6921,499061.0619,386447.814,297276.1407,610901.163,2612623.815,1568150.271,362520.7065,0
211,1666,CA20200917_20200924_UCM295_SNOW_CF00119353,SNOW,33.87354472,-116.6795181,2020,9,2510.73,69.12,292.5,1890.54,243.18,15.39,134518637.9,7668093.51,223481.196,2009707.92,67000.7619,127101.6342,98653.797,80378.6076,152589.879,731725.029,515967.363,85708.9881,0
212,1696,CA20200909_20201013_UCM9_WILLOWS_CF00021423,WILLOWS,39.37500325,-121.332452,2020,9,526.68,0.0,286.47,204.57,35.55,0.09,46298501.46,2254983.03,103123.575,673912.8,26292.2301,33112.2537,25481.124,27778.2129,34162.587,296249.859,321653.511,11697.4017,1
213,1679,CA20201004_20201011_UCM325_BACCARAT_CF00030788,BACCARAT,39.77683069,-119.9569403,2020,10,6.66,0.0,5.85,0.81,0.0,0.0,497075.76,30362.94,688.644,7512.48,228.5046,525.8736,406.926,294.2388,657.342,2472.858,1158.174,410.0562,0
214,1686,CA20201026_20201102_UCM39_SILVERADO_CF20121364,SILVERADO,33.71881574,-117.7001636,2020,10,5020.83,73.53,910.17,3564.81,471.96,0.36,241787133.9,14591755.08,345929.193,3653735.76,114671.6082,250797.9573,196375.113,145364.1219,314667.396,1220008.23,617936.832,191849.328,0
215,1687,CA20201026_20201102_UCM40_BLUE_RIDGE_CF20121612,BLUE RIDGE,33.91184677,-117.7019889,2020,10,5521.59,0.0,203.85,4956.57,98.91,262.26,203073455.9,12185855.73,291424.914,3091736.88,103786.2549,208416.69,171372.501,129534.8634,272487.969,1021388.067,504611.289,159971.2551,1
216,1680,CA20201117_20201123_UCM331_LAURA_2_CF00006431,LAURA 2,40.06261739,-120.0895792,2020,11,929.43,0.0,68.58,753.39,106.38,1.08,36919691.46,2224077.66,53254.539,556638.48,17259.084,38196.9891,29567.889,21891.0465,47380.734,187219.872,97530.066,29023.4862,0
217,1681,CA20201117_20201130_UCM332_MOUNTAIN_VIEW_CF00030860,MOUNTAIN VIEW,38.55783911,-119.4114122,2020,11,5123.52,20.52,626.85,1685.07,2170.44,620.64,434516066.5,23187587.22,827201.907,6435782.64,234277.5708,366589.1439,289054.269,265007.0997,424944.198,2538897.228,2232959.526,204937.4502,1
218,1637,CA20201201_20201213_UCM183_AIRPORT_CF00154602,AIRPORT,33.90290227,-117.6276915,2020,12,429.66,10.26,282.15,107.37,29.88,0.0,12466106.82,605630.97,27866.709,181414.08,7100.2827,8872.8183,6836.4,7488.5607,9138.609,79930.917,87134.985,3080.8899,0
219,1639,CA20201213_20201214_UCM187_SANDERSON_CF00160421,SANDERSON,33.90043808,-117.0630626,2020,12,784.62,2.97,148.95,596.88,35.82,0.0,41630678.82,2518665.75,59186.835,629028.0,19597.0005,43359.8229,33840.864,24925.1877,54321.003,209489.931,104597.991,33294.7809,0
220,1688,CA20201203_20201207_UCM41_BOND_CF20136890,BOND,33.73979634,-117.66266,2020,12,2685.06,6.39,238.41,1746.54,693.72,0.0,148324320.2,8774343.18,224425.449,2232208.08,71575.6284,148965.4845,116264.511,88947.5679,184145.994,769291.452,446948.154,109413.1386,0
