,index,Fire_Name,Lat,Long,Fire_Year,Fire_Month,Total_area_burned(ha),High_Severity(ha),TSLF
889,889,152,37.096,-121.167,2003,6,689.94,34.2,0
266,266,16,38.893,-122.265,2002,10,615.69,0.99,1
864,864,165,37.225,-120.834,2001,6,726.03,204.39,1
1536,1536,241 FIRE,33.828,-117.747,2007,3,750.33,0.54,0
300,300,36,40.3,-122.734,2005,8,917.55,1.71,0
766,766,41,35.392,-120.683,1994,8,19603.26,9519.48,0
963,963,41 FIRE,36.989,-119.766,2008,6,1054.53,14.67,0
775,775,46,35.624,-119.789,1995,6,1883.88,77.85,0
86,86,49R,39.244,-121.207,1988,9,14843.25,3729.69,0
839,839,580,37.728,-121.663,1998,8,448.2,4.14,1
271,271,A-3,40.337,-120.443,2003,7,466.56,6.03,0
724,724,A-ROCK,37.702,-119.786,1990,8,7194.78,3747.33,1
543,543,ABNEY,41.95,-123.136,2017,8,12757.86,4247.64,1
809,809,ACKERSON COMPLEX (ACKERSON),37.913,-119.818,1996,8,23518.44,6666.3,2
274,274,ACKLEY,41.743,-121.328,2003,7,4137.39,0.0,2
684,684,ACORN,38.789,-119.822,1987,7,2567.16,948.24,1
639,639,ADELAIDE,35.443,-118.777,1985,5,426.15,2.34,0
830,830,AERA,35.548,-118.974,1998,7,834.21,84.51,0
1181,1181,AGUANGA,33.413,-116.873,1984,5,2250.81,321.57,0
1094,1094,AIRLINE,36.391,-120.962,2018,6,597.78,42.57,0
1694,1694,AIRPORT,33.90290227,-117.6276915,2020,12,429.66,29.88,0
803,803,AIRPORT 2,35.352,-119.547,1996,8,428.4,0.45,0
1654,1654,ALAMO,34.96,-120.288,2017,7,11839.77,1604.61,1
902,902,ALBANITA AND HOOKER,36.118,-118.21,2003,9,2001.33,319.68,0
1104,1104,ALDER,36.239,-118.632,2018,10,2114.91,303.75,0
1581,1581,ALISO,33.343,-117.362,2010,7,1319.85,182.61,0
1324,1324,ALISO,34.909,-119.729,1994,7,1378.35,0.0,1
596,596,ALLEN,41.35755778,-121.0760707,2020,7,412.56,9.72,0
926,926,ALMAZAN,36.12,-120.402,2006,5,863.19,0.0,0
925,925,ALPAUGH,35.821,-119.511,2006,5,607.86,26.37,0
166,166,AMBROSE COMPLEX (DAMON-LONG),41.555,-121.25,1996,8,9748.71,63.9,0
464,464,AMERICAN,39.136,-120.588,2013,8,11304.63,6072.3,0
826,826,AMERICAN,35.187,-119.896,1997,9,652.05,416.61,1
344,344,AMERICAN RIVER COMPLEX (GOVERNMENT),39.208,-120.596,2008,6,8382.6,3319.83,0
1549,1549,AMMO FIRE,33.346,-117.472,2007,10,7346.07,895.32,0
652,652,ANDREWS,36.037,-120.559,1985,7,2052.81,215.46,0
323,323,ANGORA,38.886,-120.04,2007,6,1220.13,709.29,1
433,433,ANNIE,41.918,-120.115,2011,8,854.82,541.71,1
898,898,ANNIE,37.23,-121.245,2003,8,7032.96,15.03,0
998,998,ANTELOPE,35.458,-119.892,2011,6,2130.93,134.01,0
1235,1235,ANTELOPE,33.609,-117.221,1987,10,1311.57,7.2,0
326,326,ANTELOPE COMPLEX (WHEELER),40.139,-120.582,2007,7,9349.74,4947.75,0
1441,1441,ANTONIO,33.6,-117.606,2002,5,518.76,6.3,0
1347,1347,APACHE,33.888,-116.698,1995,9,1475.91,5.76,0
557,557,APPLE,39.924,-122.349,2018,6,1152.81,224.19,0
1683,1683,APPLE,34.02490173,-116.8574842,2020,7,13366.17,9404.1,0
289,289,ARMSTRONG,38.187,-120.425,2004,8,436.41,237.69,0
1442,1442,ARROWHEAD,34.196,-117.241,2002,5,1062.99,38.25,0
1017,1017,ASPEN,37.294,-119.263,2013,7,9536.04,3005.01,0
841,841,ASPEN PW 2,37.807,-119.799,1998,10,1218.69,7.83,5
827,827,ASPEN VALLEY,37.822,-119.786,1997,10,723.69,143.91,8
1246,1246,ASSIST 78,32.821,-117.034,1988,9,415.26,6.12,0
1228,1228,ASSIST 79,32.89,-117.01,1987,6,828.9,1.44,0
34,34,ASSIST P.N.F.,39.683,-121.077,1987,8,499.05,316.98,0
547,547,ATLAS,38.364,-122.237,2017,10,20768.31,1842.39,0
608,608,AUGUST COMPLEX FIRES,39.93152304,-122.9959521,2020,8,417701.16,170053.65,0
798,798,AUTUMN HILLS,38.935,-119.858,1996,6,38.07,5.85,1
1001,1001,AVALANCHE,37.664,-119.686,2011,7,466.56,8.73,1
718,718,AVALANCHE1,36.763,-118.599,1990,7,1036.53,285.75,0
957,957,AVOCADO,36.791,-119.371,2008,5,503.73,0.09,0
1392,1392,AZALEA,34.71,-120.494,1997,9,552.96,86.13,0
1141,1141,BACCARAT,39.77683069,-119.9569403,2020,10,6.66,0.0,1
412,412,BACKBONE,41.07,-123.436,2009,7,1902.24,514.17,0
5,5,BADGER,40.548,-121.407,1984,8,449.73,115.65,0
451,451,BAGLEY,41.032,-122.055,2012,8,19317.6,5806.89,0
1314,1314,BAILEY,33.448,-116.665,1994,6,2869.2,481.23,0
919,919,BAILEY,37.282,-119.853,2005,7,471.06,0.54,0
1394,1394,BAKER,33.776,-117.683,1997,10,2556.72,11.61,0
1525,1525,BALD,34.93,-119.961,2006,7,839.97,187.11,0
477,477,BALD,40.87,-121.314,2014,7,16053.21,4453.02,0
1352,1352,BALD,35.122,-120.335,1995,10,1349.82,41.22,3
22,22,BALD MT.,38.746,-122.103,1985,10,2162.25,182.97,9
989,989,BALES,35.821,-118.994,2010,6,409.77,0.0,1
304,304,BALLS CANYON,39.666,-120.079,2006,6,792.0,339.66,0
325,325,BALLS CANYON,39.684,-120.051,2007,7,1842.39,595.98,0
25,25,BALLS CANYON 2,39.68,-120.062,1987,6,520.56,127.26,0
333,333,BANGOR,39.351,-121.458,2007,8,460.71,40.86,0
1593,1593,BANNER,33.053,-116.45,2012,5,2173.05,30.51,1
428,428,BAR,40.031,-121.176,2010,7,463.59,48.6,0
637,637,BAR-O,36.406,-118.848,1984,8,1209.15,25.11,2
273,273,BARBER,41.253,-120.088,2003,7,574.65,46.08,0
229,229,BARK,41.866,-122.883,2000,7,768.24,273.87,1
498,498,BARKER,40.628,-123.102,2015,7,1596.69,656.19,0
123,123,BARKER,40.61,-123.056,1992,8,2134.17,1077.57,0
147,147,BARKLEY,40.12,-121.756,1994,9,17909.91,1227.15,0
1282,1282,BARRETT,32.617,-116.669,1991,6,510.57,0.27,2
1428,1428,BARRETT,32.633,-116.668,2000,6,620.82,43.02,0
1600,1600,BARRY POINT,42.015,-120.681,2012,8,15471.0,3059.1,1
1356,1356,BARSTOW,34.575,-117.018,1996,5,427.95,0.0,0
763,763,BASHAM,35.904,-120.716,1994,6,541.08,1.44,1
893,893,BASIN,35.43,-118.439,2003,7,424.26,91.71,0
961,961,BASIN COMPLEX,36.212,-121.578,2008,6,66583.53,15883.65,0
960,960,BASIN COMPLEX (INDIANS),36.136,-121.378,2008,6,23919.3,7876.98,0
20,20,BASS HILL,40.343,-120.52,1985,8,1009.89,3.15,1
320,320,BASSETTS,39.633,-120.589,2006,9,939.6,426.87,0
1379,1379,BEACH,33.899,-117.151,1997,5,680.67,20.52,2
1130,1130,BEACH,37.93308926,-118.9869772,2020,8,1479.69,38.79,0
179,179,BEALE ASSIST,39.148,-121.403,1998,9,523.53,12.87,8
139,139,BEAR,41.724,-123.546,1994,7,687.24,250.38,1
45,45,BEAR,40.654,-123.397,1987,8,2131.65,252.63,0
291,291,BEAR,40.718,-122.194,2004,8,4437.36,772.29,0
510,510,BEAR,41.839,-123.724,2015,8,4923.72,1353.96,1
638,638,BEAR CREEK,36.51,-118.882,1984,10,529.02,18.99,7
1586,1586,BEAR CREEK,34.654,-120.583,2010,10,531.36,154.62,9
395,395,BEAR WALLOW COMPLEX (ANTHONY MILNE),41.505,-123.184,2008,6,879.3,109.08,0
393,393,BEAR WALLOW COMPLEX (CARIBOU),41.059,-123.027,2008,6,4916.88,1435.14,0
62,62,BEARCAT,41.793,-122.831,1987,8,1157.13,123.21,0
1624,1624,BEAVER COMPLEX,42.029,-122.25,2014,7,3778.2,99.27,9
930,930,BECK,35.281,-119.837,2006,7,708.03,67.14,0
1275,1275,BEDFORD,33.796,-117.539,1990,6,1717.38,180.99,0
1358,1358,BEE,33.758,-116.821,1996,6,4093.29,803.97,0
1438,1438,BELL,32.608,-116.601,2001,12,1497.33,0.09,2
180,180,BELL WEST,41.456,-121.427,1999,5,706.32,39.33,1
1124,1124,BENA,35.30659054,-118.6491567,2020,7,1162.89,69.21,1
1247,1247,BENTON,33.604,-117.057,1988,9,553.05,0.0,0
1619,1619,BERNARDO,33.0,-117.157,2014,5,616.05,5.13,0
225,225,BERRYESSA,38.529,-122.244,2000,6,1954.08,96.57,0
1359,1359,BICHOTA COMPLEX (BICHOTA),34.274,-117.824,1996,6,466.92,129.15,0
1,1,BIDWELL,39.784,-121.696,1984,7,2432.25,46.08,0
30,30,BIG,39.041,-120.558,1987,8,424.44,166.86,0
206,206,BIG BAR COMPLEX (ONION),40.883,-123.388,1999,8,6776.19,576.9,0
768,768,BIG CREEK,37.214,-119.273,1994,8,2186.19,867.96,0
987,987,BIG MEADOW,37.731,-119.757,2009,8,3170.25,1144.08,10
650,650,BIG SANDY,35.994,-120.575,1985,7,1270.17,20.79,0
883,883,BIRCH,37.539,-118.663,2002,7,1041.03,316.71,0
890,890,BIRD,37.551,-121.335,2003,6,3124.44,202.77,1
1455,1455,BISCUIT COMPLEX (BISCUIT),42.441,-123.904,2002,7,11992.5,5647.05,2
261,261,BLACK,40.611,-120.52,2002,7,686.34,149.67,0
1200,1200,BLACK MOUNTAIN,34.43,-119.22,1985,7,506.07,10.98,0
27,27,BLACKS,40.624,-120.45,1987,6,459.9,0.0,1
1655,1655,BLAINE,33.984,-117.29,2017,8,452.43,7.29,0
1507,1507,BLAISDELL,33.868,-116.638,2005,8,2160.27,1.17,1
43,43,BLAKE,40.588,-123.555,1987,8,615.51,395.19,0
188,188,BLOOMER,39.645,-121.476,1999,8,1138.14,229.59,0
496,496,BLUE,40.392,-123.189,2015,7,1214.91,431.64,0
1191,1191,BLUE,34.905,-119.286,1984,8,800.82,58.41,1
252,252,BLUE COMPLEX (BLUE),41.182,-120.246,2001,8,12392.46,3651.75,0
1644,1644,BLUE CUT,34.324,-117.506,2016,8,14914.8,99.18,0
636,636,BLUE RIDGE,36.314,-118.869,1984,8,634.05,12.15,0
84,84,BLUE RIDGE,38.615,-122.124,1988,9,2076.12,356.85,0
1693,1693,BLUE RIDGE,33.91184677,-117.7019889,2020,10,5521.59,98.91,2
1447,1447,BLUECUT,34.312,-117.444,2002,6,2912.76,203.31,0
1123,1123,BLUEJAY,37.84126306,-119.6110573,2020,7,2780.19,363.6,0
1350,1350,BLUFF,34.007,-116.946,1995,10,1080.63,353.79,0
1689,1689,BOBCAT,34.33230369,-117.9296765,2020,9,45854.01,17182.89,0
1291,1291,BODEN,33.146,-116.896,1993,5,576.54,119.97,0
632,632,BODFISH,35.579,-118.388,1984,7,9384.21,552.24,0
1643,1643,BOGART,33.986,-116.933,2016,8,598.32,2.61,0
201,201,BOHEMOTASH,40.786,-122.446,1999,8,2308.05,350.1,0
630,630,BONANZA,36.744,-120.941,1984,6,4899.15,1.35,0
1696,1696,BOND,33.73979634,-117.66266,2020,12,2685.06,693.72,0
629,629,BONNHEIM,35.197,-120.394,1984,6,656.55,15.03,0
1102,1102,BOOT,38.386,-119.429,2018,9,2813.49,741.78,1
941,941,BOOTLEGGER,40.008,-119.969,2006,8,164.97,0.81,1
127,127,BORAX FIRE,38.987,-122.654,1992,9,605.07,92.52,0
1499,1499,BORDER,32.585,-116.514,2004,9,363.24,3.15,0
1634,1634,BORDER 3,32.611,-116.572,2016,6,3210.48,2.88,0
1513,1513,BORDER 50,32.577,-116.722,2005,10,1239.57,98.1,0
1592,1592,BORDER 6,32.579,-116.264,2012,5,45.45,0.0,0
872,872,BOREL,35.607,-118.5,2002,6,1411.29,0.45,0
804,804,BOREL,35.589,-118.564,1996,8,1116.81,31.86,0
675,675,BOTTCHER,36.352,-121.795,1986,11,1085.13,172.62,0
1107,1107,BOULDER,35.32,-119.93,2019,6,482.49,0.0,0
305,305,BOULDER,40.195,-120.577,2006,6,1161.45,299.52,0
1443,1443,BOUQUET,34.539,-118.436,2002,5,1880.28,105.57,0
108,108,BOW,40.723,-122.263,1990,8,630.27,71.91,0
1192,1192,BOWLES,32.945,-116.935,1984,9,1244.16,0.0,1
1209,1209,BOX CANYON (PIONEER) FIRE,34.249,-118.654,1985,10,504.54,0.0,0
1302,1302,BOX SPRINGS,33.976,-117.293,1993,10,1127.43,1.17,0
1224,1224,BRADLEY,34.312,-119.058,1986,11,4088.25,255.51,6
1426,1426,BRADLEY,34.312,-119.042,1999,12,1317.15,1.26,0
1119,1119,BRANCH,35.29474207,-120.0239454,2020,7,1174.5,38.52,0
109,109,BRANHAM,40.794,-120.425,1990,8,3849.39,0.45,0
80,80,BRANHAM II,40.766,-120.498,1988,8,747.9,0.0,0
829,829,BRECK,35.371,-118.787,1998,7,1405.98,591.66,0
757,757,BRECKENRIDGE,35.376,-118.805,1994,5,990.18,14.85,1
840,840,BRECKENRIDGE,35.407,-118.791,1998,9,540.09,90.0,1
1004,1004,BRECKENRIDGE COMPLEX,35.39,-118.698,2011,9,11022.03,628.83,0
663,663,BRICEBURG,37.632,-119.958,1985,8,437.49,77.58,0
1115,1115,BRICEBURG,37.608,-119.932,2019,10,2237.31,580.86,8
77,77,BRIDGE,38.338,-120.467,1988,7,2740.95,1153.35,1
1419,1419,BRIDGE,34.239,-117.866,1999,8,2769.57,1209.15,0
1471,1471,BRIDGE,34.176,-117.173,2003,9,477.63,91.71,0
932,932,BRODER WFU,36.145,-118.173,2006,7,1410.3,179.55,0
948,948,BROWN,35.624,-119.768,2007,6,546.93,363.42,1
962,962,BROWN,36.686,-120.921,2008,6,1609.56,0.0,0
136,136,BROWNS,40.721,-122.863,1994,7,720.0,501.84,0
8,8,BRUSHY,40.011,-121.817,1984,9,1131.3,9.36,1
665,665,BRYANT CANYON,36.445,-121.277,1986,5,856.8,13.95,1
983,983,BRYSON,35.863,-121.043,2009,8,1498.59,144.99,0
407,407,BTU LIGHTNING COMPLEX (LONG BRANCH-JACK),39.852,-121.444,2008,8,20930.85,8612.46,0
363,363,BTU LIGHTNING COMPLEX (SMOKEY),40.063,-121.621,2008,6,576.09,257.94,0
504,504,BUCK,40.442,-123.556,2015,8,782.91,47.07,0
1599,1599,BUCK,33.581,-116.856,2012,8,1044.81,9.81,0
544,544,BUCK,40.213,-123.027,2017,9,5505.57,842.67,1
1007,1007,BUCKEYE,38.253,-119.313,2011,9,480.42,32.94,9
709,709,BUCKEYE,36.543,-118.744,1988,10,1217.97,505.44,5
1556,1556,BUCKWEED,34.515,-118.446,2007,10,16726.32,202.14,0
990,990,BULL,35.812,-118.45,2010,7,6979.05,420.3,0
430,430,BULLARD,39.392,-121.146,2010,8,530.37,211.86,10
475,475,BULLY,40.461,-122.793,2014,7,4525.83,1533.69,0
640,640,BUMB,36.623,-120.979,1985,5,524.25,22.86,1
528,528,BURNEY,41.546,-123.303,2017,7,647.01,147.51,0
81,81,BURNEY FIRE,40.867,-121.599,1988,8,1228.23,861.03,0
715,715,BURROUGH,36.986,-119.338,1989,7,599.58,8.01,0
130,130,BURTON,39.674,-121.695,1992,9,2520.54,0.81,0
462,462,BUTLER,41.278,-123.392,2013,7,9736.92,3135.51,1
1544,1544,BUTLER 2,34.289,-116.993,2007,9,5976.72,987.93,0
511,511,BUTTE,38.266,-120.592,2015,9,29472.39,13317.84,0
1166,1166,BUTTE 2,35.992,-117.025,2006,7,714.24,7.29,9
561,561,BUTTE FIRE,39.198,-121.826,2018,7,414.81,38.16,0
1329,1329,BUTTERFIELD,32.941,-116.431,1995,6,2900.25,180.54,0
473,473,BUTTS,38.698,-122.443,2014,7,1727.82,93.51,0
156,156,BYERS,40.342,-120.458,1996,7,477.0,157.68,1
1196,1196,CABANZO,33.867,-116.633,1985,6,5699.88,238.86,0
224,224,CABBAGE,39.455,-122.851,2000,4,610.56,62.19,2
1035,1035,CABIN,36.26,-118.555,2015,7,2924.46,619.56,0
1631,1631,CABIN,34.267,-117.843,2015,8,616.77,89.37,4
1490,1490,CACHUMA,34.724,-119.901,2004,5,432.18,118.8,1
1285,1285,CACTUS,33.685,-116.912,1992,5,495.45,0.27,2
1429,1429,CALABASAS,34.19,-118.686,2000,6,432.54,0.0,1
1375,1375,CALABASAS,34.054,-118.717,1996,10,3219.66,425.97,0
288,288,CALAVERAS COMPLEX,37.917,-120.674,2004,8,1490.13,130.95,0
599,599,CALDWELL,41.73458816,-121.4543373,2020,7,32816.34,3231.27,0
1087,1087,CALDWELL,35.765,-118.381,2017,9,615.06,18.72,0
1165,1165,CALICO,36.009,-116.532,2006,7,3752.55,0.0,0
887,887,CALIENTE,35.311,-118.665,2003,6,503.82,0.09,0
1301,1301,CALIFORNIA,33.636,-117.027,1993,10,9672.48,421.56,0
729,729,CALL BOX,35.57,-118.59,1992,5,651.24,0.18,0
700,700,CAMP,35.278,-120.397,1988,7,2274.3,1057.14,0
578,578,CAMP,39.748,-121.565,2018,11,61971.21,15424.92,7
1042,1042,CAMP ROBERTS,35.744,-120.802,2016,5,1785.87,24.3,0
110,110,CAMPBELL,41.184,-121.31,1990,8,1943.82,1397.79,0
103,103,CAMPBELL,40.041,-121.824,1990,8,51906.78,7349.67,0
876,876,CANNON,38.488,-119.464,2002,6,10159.74,3666.78,1
280,280,CANOE,40.259,-123.918,2003,9,4403.43,439.74,0
794,794,CANYON,35.435,-118.761,1996,6,1409.58,174.33,0
1466,1466,CANYON,33.802,-116.88,2003,7,1790.46,63.18,0
934,934,CANYON,37.36,-121.345,2006,7,14911.92,1292.4,0
216,216,CANYON,40.461,-122.408,1999,9,1046.52,17.01,0
1657,1657,CANYON,33.861,-117.66,2017,9,1110.33,33.84,0
996,996,CANYON,35.554,-118.542,2010,9,4475.52,414.54,8
1647,1647,CANYON,34.597,-120.584,2016,9,4697.01,619.29,7
1173,1173,CANYON,35.016,-118.395,2011,9,5950.62,1227.6,0
1552,1552,CANYON,34.053,-118.678,2007,10,2237.13,18.63,0
1381,1381,CANYON 2,34.195,-117.908,1997,7,2093.58,48.6,1
1660,1660,CANYON 2,33.823,-117.734,2017,10,3681.9,10.89,2
360,360,CANYON COMPLEX (BEAR),39.845,-121.381,2008,6,614.43,14.94,0
359,359,CANYON COMPLEX (COLD),39.835,-120.807,2008,6,2408.13,1550.52,0
356,356,CANYON COMPLEX (FOUR MILE),39.755,-121.339,2008,6,1162.62,109.62,0
400,400,CANYON COMPLEX (FRIEND-DARNELL),39.632,-121.312,2008,7,1687.41,736.38,0
358,358,CANYON COMPLEX (LITTLE),39.765,-121.248,2008,6,654.66,24.57,0
355,355,CANYON COMPLEX (SCOTCH),39.722,-121.191,2008,6,10689.66,2160.0,0
589,589,CAPLES,38.706,-120.16,2019,10,1405.8,469.89,0
1216,1216,CAPTAIN,32.948,-116.747,1986,7,738.36,0.63,0
1276,1276,CARBON CANYON FIRE,33.967,-117.789,1990,6,2013.12,308.97,0
1626,1626,CARL,33.431,-117.474,2015,4,1285.29,1.35,0
1127,1127,CARMEL,36.41717633,-121.6542699,2020,8,2823.3,436.32,0
916,916,CARO,35.608,-119.837,2005,7,532.35,0.0,0
564,564,CARR,40.715,-122.593,2018,7,93175.11,39771.18,0
1016,1016,CARSTENS,37.544,-119.873,2013,6,701.64,334.71,1
1010,1010,CASCADE,37.777,-119.675,2012,6,657.54,39.42,1
552,552,CASCADE,39.359,-121.375,2017,10,6538.05,474.57,0
671,671,CASCADE CR,37.757,-119.715,1986,7,836.55,39.96,0
687,687,CASE,36.41,-118.794,1987,8,2009.25,638.82,0
1294,1294,CASMALIA,34.845,-120.563,1993,6,351.27,28.26,1
1132,1132,CASTLE,36.21697263,-118.5458922,2020,8,68846.58,30531.87,0
1681,1681,CAVE,34.489,-119.768,2019,11,1111.41,128.52,6
542,542,CEDAR,41.935,-123.325,2017,8,4353.12,1425.06,0
1052,1052,CEDAR,35.791,-118.571,2016,8,11813.4,7104.33,0
1474,1474,CEDAR,32.939,-116.766,2003,10,108600.03,32405.22,0
214,214,CEMETERY,39.815,-120.088,1999,9,1520.28,214.47,0
1488,1488,CERRITO,33.76,-117.381,2004,5,7233.48,24.21,0
970,970,CHALK,36.016,-121.468,2008,9,6238.53,1044.63,0
1612,1612,CHARIOT,32.928,-116.458,2013,7,2680.65,496.98,0
1672,1672,CHARLIE,34.521,-118.559,2018,9,1362.24,128.97,2
1306,1306,CHATSWORTH FIRE,34.257,-118.632,1993,10,789.12,0.0,0
553,553,CHEROKEE,39.591,-121.585,2017,10,3369.87,352.89,8
653,653,CHERRY,36.065,-121.165,1985,7,16852.77,1906.74,0
1598,1598,CHIHUAHUA 2,33.39,-116.721,2012,8,857.25,35.55,0
533,533,CHILCOOT,39.779,-120.148,2017,8,417.78,238.32,0
270,270,CHILCOOT COMPLEX,39.761,-120.133,2003,7,2331.54,366.03,0
1176,1176,CHIMNEY,35.855,-118.025,2016,6,597.6,127.89,48
1470,1470,CHIMNEY,35.041,-120.209,2003,8,516.6,4.86,1
1051,1051,CHIMNEY,35.738,-121.075,2016,8,18999.72,2838.69,0
63,63,CHINA,41.817,-123.274,1987,8,1189.8,190.35,0
50,50,CHINA,41.054,-123.157,1987,8,3695.76,937.08,0
331,331,CHINA BACK COMPLEX,41.842,-122.703,2007,7,1280.34,190.17,0
1161,1161,CHINA LAKE,35.925,-117.486,2005,7,4114.89,4.14,1
439,439,CHIPS,40.095,-121.199,2012,7,32308.56,12311.91,0
711,711,CHISPA,35.45,-120.549,1989,7,3994.74,1422.45,0
820,820,CHOCKTAW,35.459,-118.879,1997,8,4141.62,992.7,0
823,823,CHOKE,36.852,-118.712,1997,8,1390.95,692.82,1
805,805,CHOLOLLO,36.063,-118.664,1996,8,1153.98,268.29,0
556,556,CHROME,39.623,-122.559,2018,6,948.78,278.28,0
1526,1526,CIBOLA,33.323,-114.705,2006,7,640.35,132.84,1
1362,1362,CIRCLE,33.895,-116.925,1996,6,419.31,203.58,0
1054,1054,CLARK,37.799,-118.916,2016,8,1227.33,110.07,1
36,36,CLARK,40.108,-120.305,1987,8,15860.79,3358.62,0
9,9,CLARK VALLEY,39.392,-122.451,1984,10,594.9,6.57,7
517,517,CLAYTON,38.915,-122.587,2016,8,1502.82,260.91,0
242,242,CLEAR,41.849,-121.112,2001,7,1968.66,0.36,1
706,706,CLEARHOUSE,37.673,-119.88,1988,7,919.08,215.55,1
126,126,CLEVELAND,38.833,-120.432,1992,9,8838.09,6298.38,0
956,956,CLOVER,36.133,-118.084,2008,5,5980.14,1553.67,0
469,469,CLOVER,40.457,-122.522,2013,9,3345.84,677.7,2
1264,1264,COCHEO,34.881,-120.622,1989,6,471.69,3.78,1
824,824,COFFEE,36.162,-118.758,1997,9,910.17,217.08,0
484,484,COFFEE COMPLEX,41.155,-122.82,2014,8,2585.7,1536.12,0
417,417,COFFIN,40.684,-122.835,2009,8,441.27,207.09,0
1617,1617,COLBY,34.16,-117.875,2014,1,817.47,264.6,3
516,516,COLD,38.536,-122.077,2016,8,2545.02,284.58,0
41,41,COLD,40.527,-123.398,1987,8,5987.79,580.86,0
1046,1046,COLEMAN,36.125,-121.284,2016,6,1163.43,34.56,1
1213,1213,COLORADO 2,33.986,-114.489,1986,4,567.63,228.42,1
336,336,COLYEAR,40.078,-122.679,2008,5,714.96,32.04,1
1174,1174,COMANCHE,35.117,-118.759,2011,9,10507.5,1247.94,10
1623,1623,COMBAT,33.42,-117.545,2014,5,529.29,27.54,2
1269,1269,CONCORDIA,33.744,-117.402,1989,7,664.38,0.81,0
231,231,CONCOW,39.725,-121.531,2000,9,712.62,274.05,0
265,265,CONE,40.752,-121.158,2002,9,724.05,337.41,1
427,427,CONSTANTIA,39.934,-120.058,2010,7,611.64,105.57,0
164,164,COOKS,40.195,-120.84,1996,8,514.62,291.96,0
509,509,COON,41.759,-123.954,2015,8,2422.17,566.28,0
1452,1452,COPCO,34.74,-118.781,2002,6,611.73,149.49,1
1449,1449,COPPER,34.558,-118.482,2002,6,7707.42,871.2,0
132,132,COPPER 8,37.988,-120.631,1994,6,708.57,14.04,0
389,389,CORRAL,40.86,-120.86,2008,6,4733.73,923.31,0
986,986,CORRAL,37.593,-121.488,2009,8,4855.32,355.5,0
1558,1558,CORRAL,34.054,-118.748,2007,11,2220.57,460.71,7
467,467,CORRAL COMPLEX,41.031,-123.469,2013,8,5501.25,2204.1,1
1033,1033,CORRINE,37.179,-119.5,2015,6,431.1,0.45,0
1579,1579,COTTON,35.061,-119.886,2010,5,843.39,0.0,0
812,812,COTTONWD 2,35.398,-118.769,1997,5,984.42,311.67,0
626,626,COTTONWOOD,37.098,-121.162,1984,5,571.14,65.25,1
1489,1489,COTTONWOOD,33.99,-116.681,2004,5,758.52,0.0,0
939,939,COTTONWOOD,35.416,-118.267,2006,8,966.15,191.61,0
1570,1570,COTTONWOOD,33.746,-116.822,2009,8,1028.43,15.48,0
144,144,COTTONWOOD,39.601,-120.193,1994,8,19387.89,9457.83,0
112,112,COTTONWOOD COMPLEX,38.005,-120.198,1990,9,1018.98,565.65,0
431,431,COUGAR,41.643,-121.436,2011,6,786.87,209.16,1
1403,1403,COUNTRY,34.027,-117.483,1998,8,543.87,0.27,2
555,555,COUNTY,38.683,-122.155,2018,6,37411.83,9948.6,0
997,997,COVE,35.65,-118.365,2011,5,573.57,54.0,1
527,527,COVE,41.279,-121.008,2017,7,12500.01,3113.01,0
1341,1341,COVINGTON,34.057,-116.3,1995,7,2207.97,0.0,0
1111,1111,COW,36.287,-118.209,2019,7,803.79,11.43,0
931,931,COYOTE,36.061,-118.894,2006,7,560.61,69.93,0
1121,1121,COYOTE,36.67474452,-120.9989679,2020,7,593.82,0.0,0
1464,1464,COYOTE,33.388,-116.582,2003,7,7776.09,2164.5,0
177,177,COYOTE,41.139,-123.879,1998,8,738.09,3.51,0
406,406,CRAIG,39.581,-121.347,2008,8,712.71,471.69,0
1668,1668,CRANSTON,33.715,-116.705,2018,7,5292.36,985.95,0
870,870,CRATER,37.917,-118.95,2001,8,2248.74,23.58,0
559,559,CREEK,40.486,-122.518,2018,6,544.59,26.1,1
309,309,CREEK,40.371,-120.701,2006,7,681.03,210.69,0
140,140,CREEK,38.066,-120.334,1994,8,604.98,290.97,0
869,869,CREEK,37.774,-120.236,2001,8,3965.13,1050.21,0
1090,1090,CREEK,38.121,-119.948,2017,9,870.57,19.62,5
1140,1140,CREEK,37.33285595,-119.2763844,2020,9,153659.34,67141.62,1
1662,1662,CREEK,34.294,-118.352,2017,12,6409.44,780.84,0
1122,1122,CREWS,37.01675957,-121.4539694,2020,7,2217.15,17.37,0
1342,1342,CROWDER,34.329,-117.471,1995,7,533.16,178.2,1
99,99,CROWDER MOUNTAIN,41.756,-120.549,1990,7,411.3,28.98,1
1583,1583,CROWN,34.576,-118.228,2010,7,5678.1,1268.1,1
1496,1496,CROWN COMPLEX (CROWN),34.454,-118.113,2004,7,5055.39,20.7,0
1495,1495,CROWN COMPLEX (FOOTHILL),34.37,-118.47,2004,7,2617.02,578.61,0
885,885,CROY,37.078,-121.763,2002,9,1257.3,383.94,1
143,143,CRYSTAL,39.517,-120.037,1994,8,2962.26,1813.41,0
368,368,CUB COMPLEX (CUB),40.194,-121.491,2008,6,8405.82,3144.42,0
1037,1037,CUESTA,35.356,-120.612,2015,8,977.94,221.58,0
1048,1048,CURRY,36.087,-120.45,2016,7,1149.3,44.37,0
1457,1457,CURVE,34.306,-117.815,2002,9,8324.01,894.15,0
1368,1368,CUYAMA,34.92,-119.672,1996,7,673.47,34.56,1
1534,1534,CUYAMA,35.05,-119.895,2006,10,424.89,0.45,2
1686,1686,CZU LIGHTNING COMPLEX,37.14747448,-122.2237692,2020,8,34941.6,18080.55,0
440,440,DALE,40.488,-122.483,2012,7,581.85,66.69,0
595,595,DALTON,41.72501425,-121.0601574,2020,7,542.52,0.09,0
167,167,DALTON 3,41.748,-121.063,1996,8,1184.13,7.47,0
904,904,DANA,38.598,-119.548,2004,6,1236.33,137.16,1
255,255,DARBY,38.195,-120.307,2001,9,5963.67,2558.52,0
1027,1027,DARK HOLE,37.815,-119.618,2014,7,453.15,46.44,1
873,873,DAVIS,35.689,-120.212,2002,6,883.44,22.59,0
1337,1337,DAWSON,33.762,-117.425,1995,7,1884.06,30.51,0
478,478,DAY,41.249,-121.296,2014,7,5564.34,2826.72,0
1532,1532,DAY,34.615,-118.971,2006,9,64631.88,24214.41,1
1208,1208,DECKER,34.071,-118.917,1985,10,2075.13,96.21,0
907,907,DEEP,36.174,-118.722,2004,8,1363.05,467.46,0
1047,1047,DEER,35.222,-118.688,2016,7,749.79,35.64,0
298,298,DEER,39.374,-122.844,2005,8,688.59,336.6,0
466,466,DEER,40.075,-121.859,2013,8,4802.94,138.33,0
674,674,DEER,36.871,-118.936,1986,9,4434.48,1429.74,2
1388,1388,DEL DIOS,33.084,-117.13,1997,9,488.7,178.29,0
894,894,DEL PUERTO,37.432,-121.402,2003,7,2606.94,20.61,0
18,18,DELTA,40.956,-122.452,1985,7,670.95,440.73,1
576,576,DELTA,41.007,-122.462,2018,9,25788.87,13677.12,1
1616,1616,DELUZ,33.362,-117.314,2013,10,953.19,152.37,3
668,668,DERBY ACRE,35.24,-119.545,1986,7,669.87,0.63,0
1077,1077,DERRICK,36.207,-120.464,2017,7,653.4,4.41,0
1078,1078,DETWILER,37.55,-120.121,2017,7,33374.52,858.06,0
235,235,DEVIL,40.395,-120.725,2001,5,1869.03,826.38,0
928,928,DEVIL,35.757,-119.997,2006,6,459.09,32.58,0
1288,1288,DEVIL,34.545,-118.671,1992,7,534.15,24.48,2
900,900,DEVIL,37.492,-121.572,2003,8,2014.56,82.44,0
617,617,DEVIL,41.92444387,-123.2334926,2020,9,3559.59,763.92,0
1323,1323,DEVILS,34.337,-117.102,1994,7,5169.51,84.33,0
1364,1364,DIEGO,33.588,-116.784,1996,7,479.79,259.92,0
1254,1254,DIVIDE,34.354,-118.392,1988,10,1604.97,501.48,2
842,842,DIVISION,36.937,-118.288,1999,3,1339.29,1.53,3
165,165,DIXIE FIRE,40.857,-120.921,1996,8,536.13,276.93,0
506,506,DODGE,40.951,-120.061,2015,8,4445.37,1411.56,0
422,422,DODGE COMPLEX (MENDIBOURNE),40.978,-120.371,2009,8,603.27,318.33,0
53,53,DOE,41.198,-122.725,1987,8,995.22,335.16,0
190,190,DOE MILL,39.757,-121.715,1999,8,4689.81,9.54,0
1265,1265,DOGPATCH 2,32.602,-116.512,1989,7,481.05,3.51,0
1131,1131,DOLAN,36.07113431,-121.462485,2020,8,50337.18,18466.11,0
1179,1179,DOME,35.2935454,-115.5846521,2020,8,17861.22,0.27,0
1101,1101,DONNELL,38.383,-119.822,2018,8,14626.62,6282.63,1
915,915,DOS AMIGOS,36.903,-120.823,2005,6,569.07,0.0,1
1369,1369,DOUBLE,33.729,-117.118,1996,8,551.97,3.96,0
644,644,DOUGHERTY,36.959,-118.626,1985,6,670.59,189.18,0
134,134,DOYLE,40.014,-120.136,1994,6,836.82,123.12,1
1361,1361,DRIP,33.47,-116.966,1996,6,481.5,58.32,0
535,535,DUTCHMAN,40.192,-123.348,2017,8,648.54,141.03,0
1290,1290,EAGLE,32.979,-116.748,1993,5,2340.72,16.56,0
1487,1487,EAGLE,33.481,-117.004,2004,5,3771.72,283.59,0
98,98,EAGLE,38.961,-122.508,1990,6,1015.11,1.44,1
565,565,EAGLE,41.268,-120.105,2018,7,856.17,118.98,0
94,94,EAGLE,40.216,-120.452,1989,7,1561.05,535.32,1
1587,1587,EAGLE,33.314,-116.478,2011,7,5967.81,9.72,1
6,6,EAGLE,41.26,-120.12,1984,8,700.83,15.39,0
909,909,EARLY,37.886,-119.946,2004,8,696.69,360.72,1
185,185,EAST,41.752,-123.34,1999,7,519.3,197.01,1
1498,1498,EAST,34.597,-118.691,2004,8,568.53,20.61,1
48,48,EAST,40.837,-123.022,1987,8,4261.5,1062.54,0
1677,1677,EASY,34.267,-118.829,2019,10,846.27,8.64,0
1105,1105,EDEN,36.409,-118.733,2018,10,731.07,63.63,7
1404,1404,EDNA,33.896,-116.995,1998,10,11151.36,2421.27,0
476,476,EILER,40.799,-121.558,2014,7,12534.3,6775.47,0
1344,1344,EL MONTE,32.914,-116.782,1995,8,3433.32,996.3,0
1026,1026,EL PORTAL,37.711,-119.78,2014,7,2010.87,655.65,0
1255,1255,EL TORRO,33.738,-117.369,1988,12,430.11,0.0,0
1332,1332,ELK,35.028,-119.506,1995,6,733.05,27.9,1
328,328,ELK COMPLEX (ELK),41.617,-123.279,2007,7,551.79,129.06,0
329,329,ELK COMPLEX (KING CREEK 2),41.681,-123.414,2007,7,5746.05,1422.81,0
330,330,ELK COMPLEX (LITTLE GRIDER),41.804,-123.412,2007,7,970.47,145.62,0
744,744,ELK HILLS 2,35.328,-119.569,1993,5,2175.66,7.47,0
65,65,ELK LICK,41.849,-123.551,1987,8,587.61,54.18,0
1411,1411,ELLIOT,34.336,-117.413,1999,7,931.77,11.79,0
1064,1064,ELM 2,36.075,-120.405,2017,5,4357.44,27.63,1
1527,1527,EMERALD,34.092,-117.057,2006,8,851.49,100.89,0
1520,1520,EMPIRE,33.41,-118.453,2006,7,387.99,0.99,0
1084,1084,EMPIRE,37.654,-119.588,2017,8,3920.76,825.84,0
1044,1044,ERSKINE,35.569,-118.334,2016,6,19454.31,171.27,0
1533,1533,ESPERANZA,33.861,-116.879,2006,10,16414.29,1121.94,0
1618,1618,ETIWANDA,34.169,-117.543,2014,4,759.69,2.25,1
1330,1330,EXCELSIOR,33.945,-116.742,1995,6,827.91,23.76,0
976,976,EXPLOSIVE,37.669,-121.502,2009,6,868.86,7.92,0
416,416,FAIRFIELD,40.526,-121.349,2009,8,577.8,38.43,0
1315,1315,FAIRVIEW,33.692,-116.867,1994,6,677.34,2.25,0
1614,1614,FALLS,33.637,-117.393,2013,8,638.19,111.24,0
686,686,FAY,35.765,-118.286,1987,8,4117.86,738.09,0
1605,1605,FELIPE,33.12,-116.542,2013,5,1198.26,32.76,0
1259,1259,FERGUSON,33.007,-114.502,1989,5,453.87,12.6,1
1098,1098,FERGUSON,37.635,-119.807,2018,7,38801.34,15316.02,1
1227,1227,FERGUSONLK,32.999,-114.505,1987,5,475.2,0.09,1
88,88,FERN,40.657,-121.874,1988,9,2628.18,1272.42,2
1212,1212,FERNDALE,34.413,-119.149,1985,10,18912.06,581.58,6
802,802,FIFTY-EIGHT,35.344,-120.276,1996,8,38325.15,7145.82,0
660,660,FINLEY,37.158,-121.576,1985,7,759.24,93.69,0
104,104,FINLEY,40.339,-121.811,1990,8,8903.34,1332.36,0
1635,1635,FISH,34.181,-117.939,2016,6,1833.75,98.46,0
1011,1011,FISH,37.124,-118.275,2012,7,450.09,0.18,0
1019,1019,FISH,36.23,-118.427,2013,8,865.35,271.26,0
871,871,FISH,40.036,-119.993,2001,8,3839.85,195.3,10
1236,1236,FISH,34.664,-119.152,1987,10,1639.62,330.39,1
913,913,FIVE,36.489,-120.458,2005,6,1059.3,24.84,0
621,621,FK 1817,36.074,-120.188,1984,3,592.2,70.83,2
442,442,FLAT,40.792,-123.335,2012,7,741.78,109.44,1
624,624,FLAT TOP,35.899,-120.134,1984,5,2706.75,477.09,0
332,332,FLETCHER,41.971,-120.545,2007,7,2680.92,979.74,1
37,37,FLUME,40.404,-123.339,1987,8,4935.33,1052.28,0
1333,1333,FOREST GATE,32.592,-116.489,1995,7,493.92,89.64,0
538,538,FORK,40.845,-123.01,2017,8,1344.87,423.63,0
162,162,FORK,39.202,-122.744,1996,8,33670.17,13740.84,0
616,616,FORK,38.98710069,-120.4242487,2020,9,674.19,177.21,0
259,259,FORKS,41.273,-123.321,2002,6,600.84,196.65,0
979,979,FORKS,37.28,-118.584,2009,7,1187.19,219.42,0
454,454,FORT COMPLEX,41.903,-123.22,2012,8,9865.26,3072.78,0
66,66,FORT COPPER,41.898,-123.22,1987,8,14703.48,3721.86,0
1148,1148,FORT PIUTE,35.259,-115.023,1994,6,2569.59,0.18,2
276,276,FORTY,38.916,-122.282,2003,9,529.74,0.36,0
124,124,FOUNTAIN,40.846,-121.852,1992,8,25231.95,16714.17,1
69,69,FOUTS,39.353,-122.771,1987,9,6836.76,1821.42,0
615,615,FOX,41.23970758,-122.8534927,2020,9,808.11,146.79,0
672,672,FREDRICKSBURG,38.83,-119.808,1986,7,1455.57,313.02,1
297,297,FREDS,38.787,-120.318,2004,10,3297.06,1952.64,10
1566,1566,FREEWAY COMPLEX,33.919,-117.753,2008,11,11877.3,3421.44,0
1351,1351,FREEWAY FIRE NO II,34.442,-118.38,1995,10,483.93,0.0,0
1025,1025,FRENCH,37.294,-119.36,2014,7,5882.76,2798.01,0
292,292,FRENCH,40.74,-122.703,2004,8,5537.25,1267.02,1
40,40,FRIENDLY,40.501,-123.307,1987,8,1406.34,366.48,0
681,681,FROG,38.019,-119.751,1987,6,1396.35,131.67,1
502,502,FROG,41.41,-121.381,2015,7,2127.33,179.64,1
728,728,FROG CREEK,37.98,-119.783,1991,9,1201.77,86.94,8
1671,1671,FRONT,35.119,-120.097,2018,8,455.76,31.59,1
187,187,FRRD COMPLEX (BEAN),39.628,-121.299,1999,8,775.08,251.73,0
189,189,FRRD COMPLEX (DEVILS GAP),39.707,-121.037,1999,8,628.47,248.49,0
1009,1009,GAINES,37.51,-120.151,2012,6,716.94,69.93,0
13,13,GANN,38.095,-120.754,1985,7,407.52,56.61,0
1561,1561,GAP,34.485,-119.866,2008,7,3792.78,552.06,3
246,246,GAP,39.301,-120.626,2001,8,965.7,702.0,0
518,518,GAP,41.856,-123.036,2016,8,13736.52,4212.27,1
1071,1071,GARDEN,35.518,-118.645,2017,7,598.77,34.29,0
1154,1154,GARLOCK 2,35.363,-117.793,1998,8,621.27,0.0,23
708,708,GARNET,36.877,-119.011,1988,8,589.23,68.85,2
1074,1074,GARZA,35.957,-120.299,2017,7,19587.42,759.87,0
1649,1649,GATE,32.654,-116.829,2017,5,917.19,38.34,1
169,169,GATES,38.395,-122.055,1996,10,612.54,1.08,0
905,905,GATOS,36.237,-120.573,2004,7,407.97,0.18,0
1439,1439,GAVILAN,33.395,-117.268,2002,2,2341.44,14.94,0
1491,1491,GAVIOTA,34.487,-120.196,2004,6,3083.76,205.83,1
1604,1604,GENERAL,33.041,-116.498,2013,5,578.88,1.35,0
1008,1008,GEORGE,36.167,-118.473,2012,6,759.69,198.27,0
1097,1097,GEORGES,36.65,-118.233,2018,7,1215.0,40.86,0
679,679,GERBER,37.513,-121.355,1987,5,566.37,2.52,1
294,294,GEYSERS,38.729,-122.746,2004,9,4886.28,1199.25,1
116,116,GEYSERS,38.765,-122.787,1991,10,2020.32,414.18,8
778,778,GILBREATH,35.688,-119.611,1995,7,554.49,92.25,1
799,799,GILBRETH,35.674,-119.596,1996,7,1896.66,91.35,0
1317,1317,GILMAN,33.82,-116.947,1994,6,859.68,56.34,0
1322,1322,GILMAN,33.929,-117.074,1994,7,874.35,3.6,0
1589,1589,GILMAN,33.929,-117.08,2011,8,429.93,1.35,1
409,409,GLADDING,38.916,-121.252,2008,9,418.5,47.61,0
54,54,GLASGOW,41.239,-123.211,1987,8,5462.37,1486.35,0
614,614,GLASS,38.53799987,-122.5461373,2020,9,27217.44,10561.05,0
984,984,GLORIA,36.463,-121.292,2009,8,2704.59,84.33,0
1424,1424,GLORIA,32.589,-116.443,1999,10,213.66,0.99,0
228,228,GOAT,40.437,-120.782,2000,7,493.38,377.73,0
495,495,GOBBLER,40.346,-123.441,2015,7,3464.73,677.7,0
600,600,GOLD,41.06383926,-120.816197,2020,7,9125.91,1598.04,1
1167,1167,GOLDEN,36.03,-116.594,2007,4,834.75,0.0,2
863,863,GOLDEN,38.536,-119.529,2000,8,700.92,208.26,10
945,945,GOLDLEDGE,35.878,-118.428,2007,6,1686.78,245.16,0
929,929,GOODALE,36.96,-118.283,2006,6,1717.56,0.0,1
800,800,GOOSE,35.705,-119.635,1996,7,674.91,57.87,0
1050,1050,GOOSE,37.015,-119.466,2016,7,1008.18,9.54,1
654,654,GORDA-RAT,36.066,-121.461,1985,7,19982.25,5739.75,0
1366,1366,GORGE,34.592,-118.773,1996,7,694.62,138.78,0
1540,1540,GORMAN,34.758,-118.812,2007,5,1053.72,2.16,1
1512,1512,GORMAN,34.811,-118.877,2005,9,987.66,195.48,1
1117,1117,GRADE,36.55394741,-119.1725198,2020,6,418.86,0.0,0
1293,1293,GRADE,33.222,-116.439,1993,6,663.3,1.62,0
1233,1233,GRADE,33.181,-117.042,1987,10,892.71,44.55,0
1355,1355,GRAND,34.426,-118.98,1996,4,4241.52,89.82,1
1610,1610,GRAND,34.789,-118.911,2013,5,1831.41,348.48,1
1480,1480,GRAND PRIX,34.186,-117.473,2003,10,20557.17,5079.6,0
813,813,GRANITE,35.537,-118.953,1997,5,585.09,167.13,0
856,856,GRANITE,37.716,-120.248,2000,7,776.79,144.72,1
592,592,GRANT FIRE,38.56711914,-121.1545024,2020,6,2043.36,41.94,0
1468,1468,GRAPEVINE,34.902,-118.91,2003,7,790.83,83.52,1
726,726,GRAPEVINE,36.552,-119.083,1990,10,958.41,0.27,11
1554,1554,GRASS VALLEY,34.267,-117.228,2007,10,593.91,80.73,0
241,241,GRASSHOPPER,40.81,-120.727,2001,7,445.14,3.42,0
1591,1591,GREAT,33.06,-116.502,2011,10,914.58,140.49,7
1440,1440,GREEN,33.852,-117.685,2002,2,819.63,31.86,3
1304,1304,GREEN MEADOWS,34.114,-118.977,1993,10,15423.3,412.29,0
173,173,GREENRIDGE 6,37.831,-121.716,1998,5,593.82,218.97,3
1625,1625,GRENADE,33.404,-117.514,2015,4,668.79,30.51,0
1539,1539,GRIFFITH PARK,34.134,-118.311,2007,5,463.41,115.74,0
1184,1184,GRIMES FIRE,34.331,-118.964,1984,5,4418.01,1230.03,0
277,277,GRINDSTONE COMPLEX (DEAFY),39.504,-122.821,2003,9,1984.32,1021.95,0
278,278,GRINDSTONE COMPLEX (HAPPY CAMP),39.531,-122.727,2003,9,859.5,89.37,0
973,973,GROUSE,37.687,-119.686,2009,5,1248.21,171.18,1
953,953,GROUSE,36.285,-118.428,2007,8,433.44,168.66,1
815,815,GROVE,36.924,-119.714,1997,5,607.5,10.89,1
1297,1297,GUEJITO,33.12,-116.953,1993,10,6936.39,1550.52,0
1576,1576,GUIBERSON,34.351,-118.882,2009,9,7831.53,37.44,1
480,480,GULCH,41.476,-120.924,2014,7,560.07,10.98,0
46,46,GULCH,40.658,-123.466,1987,8,2652.3,970.56,0
61,61,GULCH,41.758,-123.284,1987,8,4442.58,477.54,0
120,120,GULCH,38.181,-120.477,1992,8,7288.92,4037.04,0
488,488,GULCH,40.711,-122.164,2014,9,557.19,121.41,9
410,410,GULCH,40.38,-122.946,2008,9,1190.16,356.13,10
215,215,GUN 2,40.179,-121.804,1999,9,24764.76,4075.02,0
153,153,GUNTLEY,39.207,-123.103,1995,10,950.58,88.83,0
1158,1158,HACKBERRY COMPLEX,35.086,-115.317,2005,6,28258.38,37.98,1
14,14,HAL JNCT 2,39.769,-120.013,1985,7,961.2,101.34,0
765,765,HALLELUJAH,39.809,-119.966,1994,7,460.35,17.64,1
1162,1162,HALLORAN,35.392,-115.775,2005,8,422.46,0.0,0
1395,1395,HALOWEEN,34.706,-120.577,1997,10,467.37,54.18,9
693,693,HAMM,37.796,-120.06,1987,8,15918.3,7529.22,1
314,314,HANCOCK,41.426,-123.306,2006,7,9427.68,1541.16,0
1155,1155,HAPPY,36.067,-117.059,2000,7,2420.73,168.84,36
486,486,HAPPY CAMP COMPLEX,41.707,-123.196,2014,8,47952.45,17658.0,1
257,257,HAPPY CAMP COMPLEX (SWILLUP),41.625,-123.539,2001,9,3531.6,613.17,1
977,977,HARDEN,37.893,-119.694,2009,6,672.57,104.76,1
299,299,HARDING,39.635,-120.321,2005,8,955.26,293.67,0
1374,1374,HARMONY,33.095,-117.191,1996,10,3772.71,535.59,0
1431,1431,HARRIS,34.781,-120.486,2000,9,3753.27,460.44,4
1546,1546,HARRIS,32.646,-116.771,2007,10,36526.86,3380.94,0
1510,1510,HARVARD,34.215,-118.295,2005,9,415.17,6.12,0
570,570,HAT,40.998,-121.489,2018,8,798.3,225.0,0
419,419,HAT CREEK COMPLEX (BROWN),40.833,-121.534,2009,8,746.37,129.6,0
418,418,HAT CREEK COMPLEX (SUGARLOAF),40.702,-121.439,2009,8,3896.91,1533.33,0
1611,1611,HATHAWAY,34.024,-116.801,2013,6,1562.67,741.51,1
1467,1467,HAUSER,34.564,-118.294,2003,7,865.26,149.4,0
707,707,HAVILAH,35.473,-118.553,1988,8,572.58,73.89,0
539,539,HAYPRESS,41.465,-123.427,2017,8,8872.29,1859.49,0
537,537,HELENA,40.775,-123.062,2017,8,7570.8,2056.5,0
455,455,HELLO,41.962,-123.228,2012,8,444.96,88.83,1
385,385,HELLS HALF FIRE (HALF),40.763,-123.56,2008,6,6016.23,847.62,0
1434,1434,HEMLOCK,34.17,-117.065,2001,6,446.94,137.16,1
1380,1380,HEMLOCK,34.17,-117.211,1997,7,1657.26,125.37,0
603,603,HENNESSEY,38.61777795,-122.2386775,2020,8,123185.25,29471.4,0
87,87,HERMIT,40.184,-123.045,1988,9,3106.26,1221.3,0
911,911,HETCHY,37.964,-119.727,2004,10,831.15,182.25,8
971,971,HIDDEN,36.603,-118.829,2008,9,1498.41,288.36,1
1062,1062,HIDDEN,36.267,-118.637,2016,11,936.81,111.69,5
234,234,HIDDEN,38.753,-122.571,2000,11,1221.3,0.0,6
21,21,HIDDEN VALLEY,38.805,-122.527,1985,9,827.1,10.35,1
307,307,HIGH,41.446,-121.309,2006,6,1182.15,48.24,1
1159,1159,HIGH,35.093,-118.384,2005,7,417.06,5.31,0
208,208,HIGH COMPLEX,40.967,-122.324,1999,8,1331.91,244.17,0
1595,1595,HIGHLAND,33.848,-116.959,2012,6,882.0,113.4,2
1627,1627,HIGHWAY,33.907,-117.624,2015,4,490.41,259.38,2
1067,1067,HIGHWAY,35.586,-118.574,2017,6,686.07,2.25,0
865,865,HIGHWAY,36.781,-119.089,2001,7,1680.3,388.35,0
877,877,HIGHWAY 58,35.433,-120.527,2002,7,563.22,171.45,0
258,258,HIGHWAY 70,39.751,-121.481,2001,10,669.06,417.96,8
1066,1066,HILL,35.405,-120.481,2017,6,765.9,27.0,0
1590,1590,HILL,34.368,-117.448,2011,9,540.72,37.44,1
1674,1674,HILL,34.207,-118.953,2018,11,1791.18,38.34,10
1126,1126,HILLS,35.97781184,-120.3001306,2020,8,849.6,0.0,0
847,847,HIRAM,38.442,-119.912,1999,8,1141.65,213.12,1
142,142,HIRSCHDALE,39.399,-120.065,1994,8,515.7,93.15,0
569,569,HIRZ,40.984,-122.279,2018,8,18899.37,3800.34,0
597,597,HOG,40.42023066,-120.8050785,2020,7,3848.58,2114.91,0
118,118,HOG 2,40.221,-122.034,1992,7,583.38,0.0,1
1651,1651,HOLCOMB,34.314,-116.837,2017,6,612.09,7.56,1
1413,1413,HOLSER,34.461,-118.728,1999,7,1023.48,4.14,0
1685,1685,HOLSER,34.45758441,-118.7324555,2020,8,882.81,73.08,0
1670,1670,HOLY,33.704,-117.468,2018,8,9246.69,2403.72,0
1353,1353,HONEY,32.683,-116.806,1996,1,1285.11,274.23,3
1472,1472,HONEYDEW,40.161,-124.134,2003,9,5124.42,1442.25,1
780,780,HONOLULU,35.248,-119.521,1995,8,1257.21,0.0,0
1385,1385,HOPPER,34.476,-118.816,1997,8,9743.49,2049.84,0
770,770,HORIZON,37.655,-119.536,1994,8,1222.65,109.35,2
1630,1630,HORNO,33.346,-117.461,2015,8,628.38,8.01,0
1519,1519,HORSE,32.717,-116.622,2006,7,6764.4,2028.78,0
168,168,HORSE,41.906,-121.286,1996,8,1052.46,2.97,2
52,52,HOTELLING,41.193,-123.289,1987,8,7129.53,1209.24,0
303,303,HOTLUM,41.512,-122.315,2006,2,1282.86,39.51,4
315,315,HOY,41.487,-122.397,2006,7,556.83,82.26,0
1653,1653,HUDSON,34.948,-119.465,2017,7,480.42,67.59,0
353,353,HUMBOLDT,39.703,-121.683,2008,6,9615.96,1211.31,0
1559,1559,HUMBOLDT COMPLEX (PARADISE),40.117,-124.052,2008,6,496.35,12.42,1
1211,1211,HUMMINGBIRD,34.284,-118.648,1985,10,981.63,6.48,0
731,731,HUNTER,37.614,-120.197,1992,5,559.44,170.64,1
308,308,HUNTER,39.662,-122.927,2006,7,6782.85,1129.05,0
862,862,HUNTER,37.613,-120.173,2000,8,3131.64,616.5,0
966,966,HWY 140,37.333,-120.13,2008,6,512.28,0.0,0
154,154,HWY 149,39.556,-121.64,1995,10,797.49,35.91,9
789,789,HWY 33 II,35.807,-120.016,1996,5,1357.56,3.06,0
790,790,HWY 41,35.901,-119.999,1996,5,2110.77,206.46,0
1338,1338,HWY 62,33.955,-116.617,1995,7,484.02,0.0,0
249,249,HYAMPOM,40.578,-123.222,2001,8,480.6,172.89,0
888,888,I-5,36.877,-120.963,2003,6,445.32,0.0,0
922,922,I-5,36.818,-120.804,2005,8,1547.46,311.13,1
727,727,ILL,37.704,-119.542,1991,9,1253.34,387.09,0
1486,1486,INDIA,33.381,-117.318,2004,5,864.9,78.39,0
627,627,INDIAN,38.817,-119.693,1984,6,1832.31,495.18,0
1170,1170,INDIAN,35.708,-117.968,2010,7,769.32,21.42,0
1081,1081,INDIAN,36.25,-118.292,2017,8,990.99,328.68,0
33,33,INDIAN,39.551,-120.968,1987,8,3563.37,2093.76,0
1015,1015,INDIAN,37.956,-118.848,2012,8,5124.15,50.13,10
1541,1541,INKOPAH,32.609,-116.057,2007,6,456.12,0.09,1
197,197,INKS,40.296,-122.14,1999,8,2469.33,4.95,0
882,882,INYO COMPLEX (FULLER),37.104,-118.374,2002,7,2709.45,103.05,0
950,950,INYO COMPLEX (OAK),36.848,-118.279,2007,7,11512.8,622.53,0
951,951,INYO COMPLEX (SAGE),37.154,-118.353,2007,7,2662.47,8.1,1
388,388,IRON AND ALPS COMPLEXES (BUCKHORN),40.837,-123.263,2008,6,11916.18,2853.36,0
394,394,IRON AND ALPS COMPLEXES (CAREY),41.073,-123.294,2008,6,1627.2,314.46,0
384,384,IRON AND ALPS COMPLEXES (CEDAR),40.749,-123.361,2008,6,10229.67,2893.5,0
382,382,IRON AND ALPS COMPLEXES (EAGLE),40.714,-123.162,2008,6,13111.47,2447.55,0
387,387,IRON AND ALPS COMPLEXES (IRONSIDE),40.823,-123.424,2008,6,5262.75,405.9,0
390,390,IRON AND ALPS COMPLEXES (ZEIGLER),40.869,-123.479,2008,6,992.97,61.47,0
287,287,IRONGATE,41.951,-122.455,2004,7,946.44,711.36,1
1538,1538,ISLAND,33.359,-118.364,2007,5,2001.33,194.49,0
522,522,ISLAND,41.42,-123.131,2017,6,25210.62,7598.7,1
113,113,ISLAND,40.036,-123.498,1990,9,597.06,23.67,12
1603,1603,ISLAND LAKE,33.055,-114.655,2013,5,232.83,88.65,0
741,741,ITALIAN,37.15,-119.419,1992,8,660.96,6.3,0
1177,1177,IVANPAH,35.19096713,-115.1834911,2020,6,422.46,0.0,1
408,408,JACK,41.811,-121.53,2008,8,2454.21,0.27,1
955,955,JACK,37.573,-119.663,2007,10,457.83,15.66,7
138,138,JACK 1,41.623,-123.61,1994,7,10470.33,2064.24,0
1393,1393,JACK RABBIT,33.937,-117.071,1997,9,677.43,11.61,1
937,937,JACKASS,38.592,-119.376,2006,7,308.34,154.89,0
203,203,JACKASS,40.841,-122.455,1999,8,2216.43,115.38,0
822,822,JACKS,35.623,-118.088,1997,8,2160.18,928.98,0
237,237,JACKSON,38.261,-120.94,2001,6,928.71,46.44,0
1060,1060,JACOBSON,36.233,-118.537,2016,10,677.52,124.92,0
944,944,JAMES,35.749,-118.398,2007,4,841.86,0.72,2
696,696,JARREL,37.931,-119.877,1987,9,710.19,141.93,9
1013,1013,JAWBONE COMPLEX,35.282,-118.222,2012,8,4942.35,802.35,0
1063,1063,JAYNE,36.061,-120.274,2017,4,1892.16,0.0,1
1230,1230,JEEP,34.326,-117.177,1987,8,617.58,8.28,1
198,198,JELLYS 2,40.304,-122.195,1999,8,689.31,0.0,0
42,42,JESSIE,40.578,-123.467,1987,8,1412.19,299.7,0
1569,1569,JESUSITA,34.474,-119.725,2009,5,3467.88,287.91,3
1005,1005,JOHN,37.118,-118.299,2011,9,2340.99,0.09,0
914,914,JOHNSON,36.54,-121.361,2005,6,566.91,13.77,0
732,732,JOLON,35.92,-120.991,1992,6,639.45,99.45,0
236,236,JONES,41.868,-122.761,2001,5,509.04,49.14,1
222,222,JONES,40.652,-122.228,1999,10,10851.93,670.95,5
233,233,JOURNEY,40.333,-123.366,2000,10,417.87,157.32,1
1563,1563,JULIET,33.301,-117.288,2008,10,953.91,0.54,0
899,899,JUMP,37.387,-121.522,2003,8,1949.13,24.3,0
310,310,JUNCTION,40.742,-123.004,2006,7,1343.25,313.92,0
1401,1401,JUNIPER,33.769,-117.08,1998,8,2608.29,0.18,0
1409,1409,JUNIPER COMPLEX (FIRE #3),34.011,-116.228,1999,5,5587.2,0.0,1
1410,1410,JUNIPER COMPLEX (JUNIPER),34.035,-116.329,1999,6,741.06,0.0,1
106,106,KANAKA,40.559,-122.549,1990,8,1222.38,335.07,0
806,806,KAWEAH,36.493,-118.866,1996,8,1857.69,292.77,0
903,903,KAWEAH-KERN COMPLEX (PARADISE 2),36.487,-118.746,2003,9,529.65,12.15,9
1003,1003,KEENE COMPLEX,35.285,-118.492,2011,9,3549.6,258.66,0
779,779,KELLER,35.152,-118.547,1995,8,460.08,15.12,0
141,141,KELSEY,38.813,-120.801,1994,8,404.28,231.93,0
59,59,KELSEY,41.656,-123.144,1987,8,1489.95,181.8,0
575,575,KERLIN,40.625,-123.512,2018,9,718.65,251.1,0
1250,1250,KEUHNER FIRE,34.288,-118.648,1988,9,1579.32,8.19,0
825,825,KIBBIE 2,38.031,-119.841,1997,9,1003.68,65.25,0
590,590,KINCADE,38.672,-122.776,2019,10,31246.56,5230.08,1
908,908,KINCAID,37.419,-121.666,2004,8,493.38,108.09,0
487,487,KING,38.93,-120.542,2014,9,40089.87,22856.22,0
58,58,KING TITUS,41.638,-123.389,1987,8,28891.89,4076.46,0
1278,1278,KINGS,40.163,-124.163,1990,8,916.29,223.38,0
858,858,KINGS,35.491,-118.463,2000,8,1267.74,236.25,0
1160,1160,KINGSTON,35.81,-115.916,2005,7,1512.99,0.0,0
1305,1305,KINNELOA,34.196,-118.09,1993,10,2239.74,77.04,0
719,719,KIRCH,36.898,-119.179,1990,7,1265.67,43.56,0
850,850,KIRK COMPLEX (FIVE),36.279,-121.625,1999,9,14632.29,5020.38,9
849,849,KIRK COMPLEX (HARE),36.054,-121.464,1999,9,17422.38,4277.25,0
1363,1363,KITCHING,33.961,-117.201,1996,6,552.24,84.24,1
1253,1253,KLAMATH,41.612,-124.004,1988,9,2003.4,711.09,1
566,566,KLAMATHON,41.946,-122.534,2018,7,14558.22,2312.37,0
483,483,KNF BEAVER,41.89,-122.871,2014,7,13871.97,6243.84,1
411,411,KNIGHT,38.175,-120.229,2009,7,3293.82,664.29,0
1574,1574,LA BREA,34.936,-120.027,2009,8,34079.31,6039.9,0
1423,1423,LA JOLLA,33.273,-116.792,1999,9,2926.53,1640.7,1
1659,1659,LA TUNA,34.23,-118.316,2017,9,2847.33,95.58,1
967,967,LAGRANGE,37.692,-120.444,2008,6,572.67,18.27,1
1416,1416,LAGUNA 100,32.896,-116.425,1999,8,2079.54,270.99,0
1300,1300,LAGUNA FIRE,33.592,-117.794,1993,10,3528.9,542.7,0
1258,1258,LAGUNA II,32.849,-114.475,1989,5,780.21,145.62,0
1628,1628,LAKE,34.147,-116.762,2015,6,12309.75,1239.39,1
1687,1687,LAKE,34.67641957,-118.555063,2020,8,12506.13,7995.24,0
73,73,LAKE,41.748,-123.18,1987,9,7453.89,420.12,9
453,453,LAKE COMPLEX,41.764,-120.979,2012,8,851.58,7.38,0
218,218,LAKE2,41.624,-120.087,1999,9,1212.21,0.0,1
760,760,LAKELAND,35.642,-118.442,1994,6,1100.07,4.41,0
558,558,LANE,40.331,-121.831,2018,6,1636.29,380.07,0
947,947,LARSON,38.551,-119.513,2007,6,491.76,89.91,0
692,692,LARSON,37.732,-119.937,1987,8,19930.05,7434.54,0
647,647,LAS PILITAS,35.287,-120.506,1985,7,30691.53,3910.23,0
503,503,LASSICS,40.316,-123.533,2015,8,8384.31,1892.7,0
524,524,LATROBE INCIDENT,38.529,-121.048,2017,7,643.95,104.49,0
70,70,LAUDER,39.417,-123.075,1987,9,826.38,344.88,0
620,620,LAURA 2,40.06261739,-120.0895792,2020,11,929.43,106.38,0
691,691,LAUREL,37.613,-118.914,1987,8,452.52,66.33,0
97,97,LAYMAN,39.841,-120.638,1989,9,1876.05,841.32,9
71,71,LAZYMAN,40.091,-122.915,1987,9,605.25,23.76,0
1218,1218,LEONA,34.629,-118.302,1986,7,412.11,149.94,1
1459,1459,LEONA,34.585,-118.275,2002,9,2058.3,639.54,4
243,243,LEONARD,38.218,-120.623,2001,8,2131.92,813.06,0
659,659,LEXINGTON,37.141,-121.918,1985,7,4693.77,2366.82,0
954,954,LICK,37.223,-121.428,2007,9,19188.36,3450.51,1
128,128,LIGHTENING FIRE,39.233,-122.307,1992,9,516.06,4.05,0
1156,1156,LIGHTNING,35.005,-114.652,2003,7,424.44,192.51,22
158,158,LIGHTNING 12,38.014,-120.573,1996,8,495.63,46.26,0
56,56,LIGHTNING 120 (CRANK),41.397,-121.165,1987,8,1435.77,737.73,0
74,74,LIGHTNING 84 (STENT,37.904,-120.429,1988,6,468.27,30.24,0
82,82,LIGHTNING 97 (BISON),41.245,-120.684,1988,8,1385.28,560.16,1
698,698,LIGHTNING9,36.689,-120.743,1988,6,1568.79,155.07,0
459,459,LIKELY,41.151,-120.462,2012,9,5092.65,791.19,8
1661,1661,LILAC 5,33.299,-117.203,2017,12,1683.45,168.12,0
588,588,LIME,41.866,-122.661,2019,9,747.0,22.5,1
374,374,LIME COMPLEX (DEADSHOT),40.488,-122.922,2008,6,453.06,128.7,0
375,375,LIME COMPLEX (LIME),40.495,-123.412,2008,6,11021.13,1242.54,0
378,378,LIME COMPLEX (MINERS),40.637,-123.268,2008,6,10391.76,1674.99,0
371,371,LIME COMPLEX (NOBLE),40.325,-122.905,2008,6,5229.81,188.46,0
380,380,LIME COMPLEX (SLIDE),40.659,-123.513,2008,6,496.26,41.22,0
372,372,LIME COMPLEX (TELEPHONE),40.421,-123.096,2008,6,2959.38,544.86,0
699,699,LINDSAY,36.212,-118.998,1988,6,406.62,46.89,1
101,101,LINN/RECER/ELKHORN,39.793,-122.867,1990,8,1389.06,258.84,0
1000,1000,LION,36.301,-118.536,2011,7,7149.96,808.2,0
1088,1088,LION,36.285,-118.471,2017,9,7517.61,739.89,0
1284,1284,LION,34.558,-119.202,1991,10,714.78,117.72,7
978,978,LION COMPLEX (GRANITE),36.153,-118.214,2009,7,703.35,27.18,0
974,974,LION COMPLEX (LION),36.168,-118.293,2009,6,1339.92,28.53,0
1096,1096,LIONS,37.588,-119.163,2018,6,5752.98,1152.18,1
482,482,LITTLE DEER,41.672,-122.104,2014,7,2265.75,181.08,0
148,148,LMU LGT66,40.755,-120.623,1994,9,856.08,154.71,0
1575,1575,LOCKHEED,37.082,-122.214,2009,8,3353.04,843.75,1
1469,1469,LOCUST,33.982,-117.164,2003,8,774.54,0.0,0
474,474,LODGE COMPLEX,39.782,-123.652,2014,7,4975.56,579.78,0
481,481,LOG,41.54,-123.042,2014,7,1615.32,364.77,0
1387,1387,LOGAN,35.113,-120.103,1997,8,20084.94,1268.82,1
281,281,LOMA,40.789,-123.301,2003,9,1508.04,220.41,1
1055,1055,LOMA,37.116,-121.818,2016,9,1772.55,594.63,0
1188,1188,LOMA RIDGE,33.75,-117.729,1984,6,559.26,17.82,1
587,587,LONE,41.766,-121.034,2019,9,2217.51,30.69,0
720,720,LONG GULCH,37.374,-121.529,1990,7,563.58,26.64,1
661,661,LONG VA,39.851,-119.974,1985,7,910.89,145.08,1
1079,1079,LONG VALLEY,39.992,-119.92,2017,7,7957.8,96.93,1
1113,1113,LONG VALLEY,39.882,-119.995,2019,8,225.45,96.93,1
68,68,LONGWOOD,41.997,-123.634,1987,8,2300.13,886.5,1
1109,1109,LONOAK,36.207,-121.043,2019,6,1051.2,30.06,0
1150,1150,LOPEZ,34.985,-118.482,1995,7,659.07,36.63,11
1537,1537,LOS FLORES,34.361,-117.269,2007,3,1954.98,0.0,2
656,656,LOSGATOSIV,36.379,-120.583,1985,7,8238.69,335.61,0
47,47,LOST,40.78,-121.426,1987,8,9549.45,1462.23,0
683,683,LOST BEAR,37.666,-119.595,1987,7,738.0,70.65,0
1183,1183,LOST HORSE,34.023,-116.255,1984,5,1671.57,55.35,0
1331,1331,LOST LAKE,34.02,-114.462,1995,6,864.09,339.66,0
1446,1446,LOUISIANA,34.29,-117.473,2002,6,2691.54,82.08,0
1287,1287,LOVELAND,32.789,-116.73,1992,7,784.71,21.06,0
184,184,LOWDEN,40.693,-122.816,1999,7,750.33,385.56,0
492,492,LOWELL,39.212,-120.869,2015,7,1067.49,505.71,0
2,2,LOWERY,39.981,-122.591,1984,7,1158.93,178.65,0
649,649,LOWES,35.903,-120.563,1985,7,1096.65,9.45,0
604,604,LOYALTON,39.70744261,-120.1077695,2020,8,18858.24,7998.66,0
758,758,LUCAS COMPLEX,35.481,-118.691,1994,6,3695.31,8.91,0
513,513,LUMPKIN,39.527,-121.327,2015,9,460.44,282.24,9
207,207,LUNCH,40.912,-122.48,1999,8,825.48,87.75,0
1182,1182,LYTLE,34.285,-117.554,1984,5,988.47,386.91,0
369,369,MAD RIVER COMPLEX (BONANZA),40.212,-123.227,2008,6,592.47,25.47,0
365,365,MAD RIVER COMPLEX (TRAVIS),40.121,-123.294,2008,6,447.39,16.74,0
155,155,MADALANNA,39.85,-120.248,1996,7,1820.16,232.83,0
1555,1555,MAGIC,34.404,-118.622,2007,10,1083.33,10.71,0
485,485,MAN,41.539,-123.213,2014,8,6847.2,1934.82,0
855,855,MANTER,35.93,-118.182,2000,7,30818.61,8309.52,0
301,301,MANTON,40.444,-121.855,2005,8,916.83,146.43,1
175,175,MANTON 3,40.368,-122.005,1998,8,558.0,0.36,0
1650,1650,MANZANITA,33.863,-116.948,2017,6,2556.45,112.86,0
1286,1286,MANZANITA,32.749,-116.31,1992,7,442.71,46.44,0
1565,1565,MAREK,34.309,-118.382,2008,10,2000.43,350.64,1
1389,1389,MARGARITA,33.447,-117.298,1997,9,453.6,85.68,0
1679,1679,MARIA,34.314,-119.066,2019,10,4050.99,219.78,0
1372,1372,MARPLE,34.586,-118.663,1996,8,8262.63,1556.73,2
1296,1296,MARRE,34.725,-119.957,1993,9,17931.33,1557.18,1
1057,1057,MARSHES,37.778,-120.282,2016,9,446.58,34.74,1
131,131,MARTIN,41.259,-123.779,1992,9,536.67,82.62,21
238,238,MARTIS,39.365,-120.0,2001,6,2245.59,1246.41,1
76,76,MASON,38.279,-120.469,1988,7,1680.57,370.71,0
1492,1492,MATAGUAY,33.216,-116.651,2004,7,3633.93,1385.37,0
1444,1444,MATEO,33.442,-117.481,2002,5,1246.68,0.0,1
1272,1272,MATEO,33.508,-117.467,1989,10,5377.14,1044.99,0
1279,1279,MATTOLE,40.284,-124.156,1990,8,2113.92,92.61,0
470,470,MCCABE,38.802,-122.839,2013,11,1346.4,36.99,8
1085,1085,MCCORMICK,38.38,-119.875,2017,8,1775.97,928.17,0
429,429,MCDONALD,40.947,-120.343,2010,7,4065.21,455.22,1
1578,1578,MCKINLEY,33.859,-117.502,2010,5,489.42,7.2,0
867,867,MCLAUGHLIN,37.772,-118.86,2001,7,1047.24,805.68,1
1108,1108,MCMILLAN,35.677,-120.373,2019,6,784.62,27.27,0
880,880,MCNALLY,36.067,-118.4,2002,7,59291.91,20778.48,0
1029,1029,MEADOW,37.745,-119.483,2014,8,1761.03,702.27,6
1058,1058,MEADOW,35.975,-118.579,2016,10,1760.13,195.39,0
210,210,MEGRAM- ORLEANS,41.001,-123.432,1999,8,57106.71,10612.89,0
1493,1493,MELTON,33.608,-116.882,2004,7,1602.27,12.78,0
32,32,MENDENHALL,39.542,-123.039,1987,8,21916.26,9403.47,0
797,797,MERCY,36.863,-120.824,1996,6,6876.81,2373.93,0
833,833,MERCY,36.882,-120.813,1998,7,2024.82,594.27,1
788,788,MESA COMPLEX,35.396,-118.884,1996,5,2221.83,329.04,0
1189,1189,MESCAL,34.452,-117.726,1984,7,586.17,0.0,0
1043,1043,METZ,36.387,-121.217,2016,5,1548.9,10.44,1
750,750,METZ,36.43,-121.201,1993,6,617.13,11.25,1
401,401,MEU LIGHTNING COMPLEX (BUTCH),39.71,-123.173,2008,7,986.58,27.18,0
340,340,MEU LIGHTNING COMPLEX (CLIFF),39.053,-123.568,2008,6,1758.87,45.81,0
339,339,MEU LIGHTNING COMPLEX (COWSHED  LIGHTNING),39.029,-123.611,2008,6,1957.32,40.95,0
354,354,MEU LIGHTNING COMPLEX (HARDY),39.708,-123.768,2008,6,2212.65,102.78,0
348,348,MEU LIGHTNING COMPLEX (INDIAN),39.381,-123.606,2008,6,457.65,9.09,0
399,399,MEU LIGHTNING COMPLEX (JACK SMITH),39.265,-123.322,2008,7,433.8,22.86,0
402,402,MEU LIGHTNING COMPLEX (LOST PIPE),39.779,-123.714,2008,7,577.17,49.41,0
397,397,MEU LIGHTNING COMPLEX (LOW GAP),39.156,-123.383,2008,7,864.45,33.57,0
357,357,MEU LIGHTNING COMPLEX (MIDDLE),39.761,-123.8,2008,6,843.75,25.2,0
343,343,MEU LIGHTNING COMPLEX (NAVARRO),39.185,-123.619,2008,6,1302.3,46.08,0
398,398,MEU LIGHTNING COMPLEX (ORR),39.218,-123.392,2008,7,680.58,31.5,0
362,362,MEU LIGHTNING COMPLEX (RED MOUNTAIN),39.892,-123.639,2008,6,3089.34,132.3,0
338,338,MEU LIGHTNING COMPLEX (SUGARLOAF),38.999,-123.503,2008,6,3378.69,177.3,0
403,403,MEU LIGHTNING COMPLEX (TRAVIS),40.017,-123.227,2008,7,607.95,12.96,0
601,601,MEYERS,38.50605403,-123.2038079,2020,8,946.53,235.62,0
194,194,MHRD COMPLEX (BUCKS),39.885,-121.313,1999,8,13944.33,4337.37,0
195,195,MHRD COMPLEX (HORTON 2),39.891,-120.338,1999,8,1640.79,551.61,0
193,193,MHRD COMPLEX (LOOKOUT),39.849,-121.094,1999,8,1066.14,276.75,0
191,191,MHRD COMPLEX (PIGEON),39.834,-121.021,1999,8,1946.52,461.16,0
174,174,MIDDLE,38.931,-122.296,1998,8,2583.9,168.21,0
586,586,MIDDLE,40.883,-123.002,2019,9,548.46,280.08,0
1146,1146,MIDDLE RIDGE,34.989,-118.657,1992,8,2169.18,79.38,12
935,935,MIDWAY,37.677,-121.513,2006,7,2566.44,269.55,0
781,781,MIDWAY,35.326,-119.502,1995,8,3150.36,0.09,2
816,816,MIDWAY COMPLEX,35.226,-119.522,1997,6,2748.33,823.14,0
437,437,MILL,39.32,-122.627,2012,7,12045.6,3669.93,0
447,447,MILL,40.208,-121.631,2012,8,795.69,249.57,0
1390,1390,MILL,34.193,-117.14,1997,9,553.41,230.4,0
1303,1303,MILL CREEK,34.062,-117.073,1993,10,1812.51,293.67,0
571,571,MILL CREEK 1,41.141,-123.653,2018,8,1617.39,196.83,0
426,426,MILL CREEK 4,41.202,-123.621,2009,10,1162.53,302.13,9
1523,1523,MILLARD,34.114,-116.62,2006,7,35041.59,1085.67,0
1195,1195,MILLER,32.699,-116.927,1985,6,3160.35,8.91,0
19,19,MILLER,38.446,-122.093,1985,8,819.27,50.94,0
83,83,MILLER,38.43,-122.094,1988,9,14465.79,1881.18,0
918,918,MILLWOOD,36.517,-119.108,2005,7,1213.29,33.12,0
434,434,MILTON,37.939,-120.908,2011,9,473.85,0.63,0
1221,1221,MINE,32.581,-116.768,1986,9,417.69,0.27,0
1473,1473,MINE/OTAY,32.621,-116.849,2003,10,15058.26,4239.81,0
1120,1120,MINERAL,36.1761018,-120.5600361,2020,7,11958.39,849.06,0
1053,1053,MINERAL,36.144,-120.523,2016,8,2775.33,21.06,0
526,526,MINERVA 5,39.903,-120.944,2017,7,1839.69,748.26,0
1187,1187,MINUTEMAN,34.807,-120.501,1984,5,1278.81,489.6,1
1089,1089,MISSION,37.236,-119.466,2017,9,407.52,256.59,0
628,628,MITCHELL CANYON,39.613,-119.996,1984,6,1749.87,582.66,0
1461,1461,MITTRY,32.852,-114.458,2003,3,54.81,3.87,3
1417,1417,MIXING,33.68,-116.721,1999,8,1444.68,628.83,0
1138,1138,MOC,37.78706787,-120.2725478,2020,8,1151.64,157.23,0
924,924,MOCAL,35.211,-119.676,2006,5,418.68,0.0,0
119,119,MOCCASIN,37.834,-120.297,1992,8,3693.78,311.85,0
253,253,MODOC COMPLEX (BELL),41.723,-120.963,2001,8,1276.2,91.89,0
254,254,MODOC COMPLEX (ROCK),41.903,-120.848,2001,8,702.45,24.84,1
1092,1092,MOFFAT,36.688,-118.085,2018,4,539.01,42.12,1
712,712,MOLERO II,36.29,-121.819,1989,7,972.18,148.23,0
992,992,MONO,37.902,-119.051,2010,7,526.14,189.63,0
1584,1584,MONTE,32.894,-116.817,2010,8,410.58,4.23,0
471,471,MONTICELLO,38.538,-122.07,2014,7,2826.72,381.33,0
335,335,MOONLIGHT,40.22,-120.736,2007,9,26594.64,17069.04,8
1133,1133,MORAINE,36.72719052,-118.5516108,2020,8,526.32,17.55,0
622,622,MORETZZ,35.253,-120.547,1984,5,641.61,8.1,0
227,227,MORGAN,38.911,-122.539,2000,7,1345.95,141.39,0
275,275,MORGAN,38.831,-122.453,2003,9,996.66,207.81,0
468,468,MORGAN,37.883,-121.901,2013,9,1226.79,323.01,0
1274,1274,MORRETTIS,33.197,-116.66,1990,6,1909.44,606.33,0
1572,1572,MORRIS,34.197,-117.86,2009,8,1048.95,5.58,0
1002,1002,MOTOR,37.678,-119.849,2011,8,2151.18,734.22,1
1613,1613,MOUNTAIN,33.734,-116.635,2013,7,11412.9,5927.13,1
1477,1477,MOUNTAIN,33.601,-116.982,2003,10,4302.27,44.91,0
895,895,MOUNTAIN COMPLEX,38.146,-119.9,2003,7,1631.52,171.9,1
1142,1142,MOUNTAIN VIEW,38.55783911,-119.4114122,2020,11,5123.52,2170.44,0
1103,1103,MOUNTAINEER FIRE,36.22,-118.578,2018,10,530.91,10.62,0
771,771,MT. STAKES,37.324,-121.428,1994,10,595.53,47.07,7
536,536,MUD,40.432,-120.247,2017,8,2443.95,0.0,0
1504,1504,MUNZ,34.693,-118.37,2005,6,563.58,0.27,1
16,16,MURRER,40.592,-120.689,1985,7,485.19,156.24,0
263,263,MUSSOLINI,41.461,-122.516,2002,7,1258.47,61.02,0
192,192,MUSTY,39.837,-121.749,1999,8,6814.98,97.65,0
1178,1178,NADEAU,36.01384218,-117.4633597,2020,7,3696.93,30.87,1
1384,1384,NARROWS,34.331,-117.71,1997,8,7385.22,1502.82,0
567,567,NATCHEZ,41.895,-123.566,2018,7,15686.73,4183.74,1
773,773,NEES,36.845,-120.804,1995,5,468.63,59.67,1
1093,1093,NEES,36.849,-120.786,2018,5,744.39,40.41,1
568,568,NELSON,38.312,-121.999,2018,8,892.44,340.11,0
146,146,NELSON,41.272,-120.447,1994,8,1067.13,777.6,1
452,452,NELSON (W-1),41.295,-120.425,2012,8,1667.16,601.47,0
940,940,NET,35.688,-120.08,2006,8,628.38,41.22,0
1336,1336,NICHOLS,33.721,-117.353,1995,7,450.54,7.56,0
507,507,NICKOWITZ,41.448,-123.755,2015,8,3382.47,301.5,0
1024,1024,NICOLLS,35.631,-118.142,2014,7,745.11,247.14,0
55,55,NIELON,41.351,-123.096,1987,8,627.84,225.63,0
917,917,NINE,35.693,-118.422,2005,7,501.84,5.22,0
321,321,NOBLE,39.963,-123.717,2006,9,500.85,80.01,0
1629,1629,NORTH,34.372,-117.474,2015,7,1767.6,0.0,1
1136,1136,NORTH,39.84956022,-119.9905237,2020,8,1110.24,339.48,0
574,574,NORTH,39.276,-120.632,2018,9,513.45,375.75,0
1545,1545,NORTH,34.416,-118.25,2007,9,985.05,70.29,1
606,606,NORTH COMPLEX,39.72888713,-121.196267,2020,8,128894.04,87838.74,0
178,178,NORTH CROWDER,41.762,-120.552,1998,8,1047.51,0.99,1
860,860,NORTH FORK,36.258,-120.732,2000,8,765.63,262.26,0
868,868,NORTH FORK,37.264,-119.481,2001,8,1681.74,901.26,0
965,965,NORTH MOUNTAIN,37.899,-119.897,2008,6,1135.98,162.54,0
846,846,NORTH PARK COMPLEX (ELEANOR),38.008,-119.84,1999,8,1010.25,90.9,0
446,446,NORTH PASS,39.894,-123.047,2012,8,17680.68,5736.6,0
1562,1562,NOVEMBER,33.274,-117.332,2008,10,1524.06,18.27,0
1143,1143,NSCRIPTION,35.183,-117.143,1986,5,1908.0,0.0,12
677,677,NUNEZ,36.233,-120.445,1987,5,640.8,3.42,0
546,546,NUNS,38.349,-122.503,2017,10,22985.01,3110.94,0
541,541,OAK,41.747,-123.58,2017,8,38708.73,14218.38,0
613,613,OAK,39.48826135,-123.3779504,2020,9,456.93,191.97,0
1571,1571,OAK GLEN 3,34.035,-116.986,2009,8,829.17,165.87,0
1328,1328,OAK HILL,34.731,-120.446,1994,10,803.88,65.7,8
1070,1070,OAKWOOD,37.076,-119.769,2017,6,609.57,10.8,1
1458,1458,OASIS,34.459,-118.277,2002,9,484.83,2.52,0
425,425,OASIS,38.946,-122.401,2009,9,596.43,94.68,1
704,704,OBELISK,36.878,-118.844,1988,7,2479.95,483.39,0
306,306,OBSERVATION,40.76,-120.149,2006,6,1117.17,13.59,0
250,250,OBSERVATION,40.734,-120.178,2001,8,27293.49,1730.7,0
1408,1408,OGILVY,34.613,-119.625,1998,10,1637.55,562.86,7
625,625,OIL FIELDS,36.26,-120.317,1984,5,459.09,0.0,0
1481,1481,OLD,34.247,-117.284,2003,10,36496.44,9216.27,0
1594,1594,OLD 2,32.693,-116.367,2012,6,428.58,34.92,0
1309,1309,OLD COACH,33.042,-117.014,1993,11,732.78,44.64,0
910,910,OLD HWY,37.487,-119.948,2004,9,563.85,23.94,1
1311,1311,OLD TOPANGA FIRE,34.07,-118.649,1993,11,6790.77,493.02,2
710,710,OLIVAS II,36.569,-118.163,1989,3,497.34,2.25,4
964,964,OLIVER,37.499,-119.74,2008,6,1154.61,354.15,0
658,658,ONION,36.739,-118.252,1985,7,3475.53,3.06,0
1149,1149,OPAL 2,35.155,-117.112,1994,8,590.22,0.0,11
1147,1147,OPAL 2,35.177,-117.148,1993,8,3338.37,5.22,10
1648,1648,OPERA,33.997,-117.301,2017,4,433.71,180.72,1
350,350,OPHIR,39.441,-121.567,2008,6,418.14,28.17,0
748,748,ORCHARD,35.74,-120.074,1993,6,9029.88,244.71,0
1530,1530,ORCHARD,33.981,-117.021,2006,9,650.97,57.33,0
251,251,OREGON,40.743,-122.968,2001,8,714.06,377.91,0
290,290,OREGON,39.597,-121.499,2004,8,803.43,280.26,0
782,782,ORESTIMBA,37.301,-121.316,1995,10,1144.08,10.08,6
312,312,ORLEANS COMPLEX,41.336,-123.465,2006,7,6459.84,558.09,0
1261,1261,ORTEGA,33.634,-117.445,1989,6,3440.88,1146.15,0
1243,1243,ORTEGA,33.508,-117.605,1988,8,917.46,35.82,0
1299,1299,ORTEGA,33.579,-117.501,1993,10,8464.05,205.02,0
1327,1327,OTAY,32.604,-116.925,1994,10,902.88,7.2,0
1373,1373,OTAY 322,32.592,-116.871,1996,10,4118.85,1573.02,0
786,786,OVERLOOK,35.209,-119.91,1996,5,1173.96,6.84,0
664,664,OWENS,37.768,-118.817,1985,8,1240.47,571.95,9
1056,1056,OWENS RIVER,37.765,-118.911,2016,9,2487.33,288.36,0
985,985,PACHECO,37.028,-121.343,2009,8,700.74,31.59,0
634,634,PACHECO 2,36.883,-121.158,1984,7,499.14,0.0,1
1460,1460,PACIFIC,34.044,-118.873,2003,1,432.9,174.42,2
1273,1273,PACIFIC,34.075,-118.994,1989,10,1285.56,3.69,8
1271,1271,PACY,34.404,-118.44,1989,7,567.09,45.09,3
1479,1479,PADUA,34.173,-117.689,2003,10,4278.51,909.63,0
1277,1277,PAINT,34.469,-119.784,1990,6,1927.26,106.38,2
1281,1281,PAINT,33.058,-117.144,1990,9,1255.86,143.55,9
171,171,PALERMO,39.357,-121.511,1996,10,470.79,233.01,11
1321,1321,PALM,33.641,-116.522,1994,7,8513.82,805.14,0
31,31,PALMER,39.449,-120.764,1987,8,863.19,371.88,0
1658,1658,PALMER,33.991,-117.121,2017,9,1677.6,2.88,0
1234,1234,PALOMAR,33.345,-116.929,1987,10,4150.62,965.25,0
785,785,PANOCHE,36.631,-120.678,1996,4,694.62,1.26,1
666,666,PANOCHE 2,36.659,-120.863,1986,6,629.19,30.87,0
784,784,PANOCHE II,36.575,-120.627,1996,4,5971.41,435.42,0
460,460,PANTHER,40.173,-121.65,2013,5,2925.18,908.73,2
405,405,PANTHER,41.541,-123.381,2008,7,28916.73,9287.19,1
269,269,PANTHER,40.587,-122.548,2002,11,555.57,16.2,8
29,29,PAPER,37.917,-120.132,1987,8,19949.04,8266.23,0
1502,1502,PARADISE,34.049,-116.559,2005,6,1400.67,7.92,0
1475,1475,PARADISE,33.204,-116.916,2003,10,22661.91,7404.93,0
75,75,PARDEE,38.27,-120.82,1988,6,623.07,69.84,1
1076,1076,PARK,36.021,-120.499,2017,7,726.39,180.63,0
540,540,PARKER2,41.464,-120.262,2017,8,3092.76,432.72,0
1073,1073,PARKFIELD,35.778,-120.674,2017,7,756.99,74.34,0
1031,1031,PARKHILL,35.367,-120.424,2015,6,727.92,96.84,0
892,892,PARKHILL,35.416,-120.468,2003,7,507.6,253.17,0
1118,1118,PASS,37.04631279,-121.1633091,2020,6,871.92,0.0,1
1244,1244,PASS,33.904,-116.837,1988,8,757.62,0.63,0
1478,1478,PASS,33.996,-117.257,2003,10,993.42,0.0,0
645,645,PATEVALLEY,37.93,-119.571,1985,6,436.14,164.52,0
1665,1665,PATTERSON,33.643,-117.048,2018,5,526.86,0.54,1
500,500,PATTISON,40.7,-123.416,2015,7,12596.67,3573.72,0
293,293,PATTISON,38.173,-120.871,2004,9,1157.49,225.0,0
1382,1382,PAUBA,33.522,-116.943,1997,8,3036.6,2.16,0
1210,1210,PEACH HILL,34.252,-118.928,1985,10,807.21,0.81,0
857,857,PEAK,35.259,-118.549,2000,8,530.82,5.04,0
505,505,PEAK,40.495,-123.207,2015,8,2557.17,679.86,0
508,508,PEAK,41.588,-123.788,2015,8,5773.05,1305.99,0
105,105,PEAKS,40.355,-123.791,1990,8,700.11,124.92,0
1032,1032,PEANUT,35.977,-121.298,2015,6,1528.38,51.57,0
39,39,PEANUT,40.483,-123.2,1987,8,2455.38,792.09,0
1360,1360,PECHANGA,33.461,-117.081,1996,6,595.89,334.89,0
1430,1430,PECHANGA,33.419,-117.017,2000,7,4806.72,1837.26,2
936,936,PEDRO,37.806,-120.376,2006,7,899.82,214.2,0
906,906,PELICAN,37.625,-121.196,2004,7,589.77,126.45,1
183,183,PELLOWS,39.936,-122.61,1999,7,471.24,16.65,0
1667,1667,PENDLETON COMPLEX,33.364,-117.418,2018,7,1199.7,39.24,0
221,221,PENDOLA,39.461,-121.114,1999,10,1636.56,912.42,0
220,220,PENDOLA,39.419,-121.197,1999,10,3116.79,1582.47,0
150,150,PEORIA,37.926,-120.503,1995,7,1414.89,12.24,1
1237,1237,PEPPERTREE CONTROLLE,34.319,-119.173,1987,11,504.09,0.18,4
1518,1518,PERKINS,34.851,-119.695,2006,6,5804.37,1673.01,1
633,633,PETERSON,39.774,-119.989,1984,7,124.29,23.85,0
972,972,PETERSON,39.724,-119.993,2008,10,138.06,9.54,7
391,391,PETERSON COMPLEX,40.917,-121.338,2008,6,3209.58,364.14,0
745,745,PGE 13,36.077,-120.129,1993,5,643.86,22.77,1
751,751,PGE 4,36.918,-120.851,1993,7,2263.41,157.95,1
160,160,PGE 8,38.349,-122.452,1996,8,940.05,246.15,0
943,943,PHELPS,36.159,-120.251,2006,10,672.12,9.36,6
1365,1365,PHILADELPHIA,34.032,-117.465,1996,7,737.28,0.09,0
324,324,PHILLIPS,38.811,-121.383,2007,7,426.24,208.8,0
494,494,PICKETT,40.362,-123.381,2015,7,4544.1,1074.33,0
1080,1080,PIER,36.122,-118.708,2017,8,14822.1,4481.1,0
322,322,PIGEON,40.951,-123.202,2006,9,40856.67,9569.25,9
1340,1340,PILGRIM,34.006,-117.212,1995,7,895.41,8.82,0
685,685,PILITAS,35.365,-120.517,1987,8,428.4,31.68,0
845,845,PILOT,37.845,-119.984,1999,8,1551.69,960.84,0
1645,1645,PILOT,34.308,-117.247,2016,8,3345.21,307.26,0
1638,1638,PINE,34.639,-119.234,2016,6,948.6,131.94,0
1497,1497,PINE,34.741,-118.608,2004,7,7409.34,1551.87,1
1418,1418,PINE,33.859,-116.809,1999,8,769.32,446.22,0
211,211,PINE,41.766,-121.016,1999,8,9277.02,20.07,0
923,923,PINE,35.539,-118.834,2005,9,768.42,11.79,8
1543,1543,PINE,32.786,-116.534,2007,9,932.04,238.77,0
268,268,PINE,38.862,-122.924,2002,11,431.73,38.61,0
1453,1453,PINES,33.146,-116.574,2002,7,26474.04,3943.35,0
643,643,PINEY CREEK,36.348,-121.467,1985,6,645.12,62.19,0
767,767,PINNACLES,36.467,-121.205,1994,8,457.38,2.88,0
1531,1531,PINNACLES,34.323,-117.2,2006,9,1072.8,3.87,0
1503,1503,PIONEER,34.177,-116.502,2005,6,811.08,0.0,0
1251,1251,PIRU,34.437,-118.696,1988,9,5776.02,26.82,0
1406,1406,PIRU,34.422,-118.872,1998,10,4213.98,177.66,0
1484,1484,PIRU,34.48,-118.861,2003,10,25868.34,7260.21,6
1207,1207,PIUMA FIRE,34.06,-118.682,1985,10,2136.78,167.58,0
959,959,PIUTE,35.495,-118.34,2008,6,14669.01,3083.67,0
1014,1014,PIUTE COMPLEX,35.527,-118.448,2012,8,603.99,161.91,0
749,749,PIXLEY,35.922,-119.365,1993,6,544.59,5.13,0
1095,1095,PLANADA,37.406,-120.292,2018,6,1875.69,160.65,0
854,854,PLASKETT 2,35.924,-121.414,2000,7,2356.83,551.25,0
1091,1091,PLEASANT,37.41,-118.445,2018,2,921.78,125.73,2
1485,1485,PLEASURE,33.5,-116.843,2004,4,1056.6,3.96,1
267,267,PLUM,38.746,-120.398,2002,11,746.73,66.06,0
549,549,POCKET,38.77,-122.883,2017,10,7565.58,781.47,0
256,256,POE,39.701,-121.48,2001,9,3417.66,1833.3,0
776,776,POLE,37.38,-118.613,1995,6,1649.25,117.72,1
1125,1125,POND,35.39569232,-120.4330707,2020,8,791.01,144.72,0
244,244,PONDEROSA,39.058,-120.92,2001,8,1241.19,645.03,0
532,532,PONDEROSA,39.578,-121.277,2017,8,1726.92,1237.23,0
448,448,PONDEROSA,40.424,-121.776,2012,8,11613.87,6441.66,0
646,646,PONOCHE 2,36.727,-120.768,1985,6,3037.41,654.57,1
515,515,PONY,41.614,-123.549,2016,6,1266.75,198.45,2
151,151,PONY,41.63,-123.577,1995,8,886.32,248.13,2
1548,1548,POOMACHA,33.3,-116.92,2007,10,19220.76,4576.32,0
1270,1270,POPPET,33.828,-116.876,1989,7,501.39,49.68,0
1219,1219,POPPY FIRE,34.745,-118.371,1986,8,496.44,97.56,0
821,821,POSO,35.525,-118.997,1997,8,914.85,358.47,0
1585,1585,POST,34.839,-118.905,2010,8,587.88,120.69,2
1345,1345,POWAY,32.973,-116.95,1995,8,704.43,231.12,0
79,79,POWDERHOUSE,39.658,-122.61,1988,8,683.1,1.8,0
327,327,POWER,41.012,-121.486,2007,7,425.88,9.45,0
463,463,POWER,38.25,-120.016,2013,8,478.89,197.91,0
295,295,POWER,38.502,-120.28,2004,10,6985.17,3406.77,0
284,284,POWER TOWER,40.59,-122.525,2004,3,632.7,10.26,4
1609,1609,POWERHOUSE,34.668,-118.457,2013,5,13052.79,5289.3,0
716,716,POWERHOUSE,37.113,-119.467,1989,7,4666.32,441.81,3
176,176,POWERHOUSE,40.411,-121.899,1998,8,690.21,3.69,0
995,995,POZO,35.329,-120.32,2010,8,546.21,229.86,1
1180,1180,PROCTOR,32.682,-116.886,1984,4,1222.2,229.86,1
1422,1422,PROCTOR,32.692,-116.918,1999,9,626.4,3.69,0
1621,1621,PULGAS,33.319,-117.391,2014,5,6046.47,393.3,0
1521,1521,PUSHWALLA,33.879,-116.088,2006,7,998.37,0.0,0
886,886,PW-03 GIN FLAT,37.789,-119.76,2002,10,1386.9,60.03,8
717,717,PW3,37.77,-119.77,1989,10,698.13,23.58,9
593,593,QUAIL,38.47420835,-122.0173739,2020,6,741.15,10.35,0
1528,1528,QUAIL,34.805,-118.819,2006,8,2004.21,351.81,1
1072,1072,QUAIL COMPLEX,35.605,-119.067,2017,7,808.92,0.27,0
28,28,QUAKING,41.465,-121.322,1987,7,1787.22,22.32,1
999,999,QUINN,35.756,-118.896,2011,6,1319.22,11.61,1
581,581,R-1  RANCH,40.598,-120.536,2019,8,1520.28,131.58,0
1656,1656,R-4,40.721,-119.918,2017,8,239.22,2.25,1
93,93,RACK,40.056,-120.34,1989,7,1399.05,602.64,0
7,7,RAIL,41.923,-120.65,1984,8,1224.81,489.78,1
1082,1082,RAILROAD,37.441,-119.613,2017,8,5165.91,3104.91,0
1280,1280,RAINBOW,40.33,-124.123,1990,8,1129.14,156.06,1
742,742,RAINBOW,37.592,-119.078,1992,8,3143.97,850.05,9
1289,1289,RAINBOW,33.439,-117.119,1992,9,1096.38,507.33,8
319,319,RALSTON,39.024,-120.681,2006,9,3224.88,817.56,0
443,443,RAMSEY,38.395,-120.157,2012,8,466.56,149.04,0
562,562,RANCH,39.269,-122.775,2018,7,172800.09,52395.66,0
1529,1529,RANCH,33.952,-116.919,2006,9,839.07,89.01,0
1557,1557,RANCH,34.516,-118.727,2007,10,14978.16,551.61,1
591,591,RANCH,40.055,-122.628,2019,11,1179.0,280.26,7
1427,1427,RANCH,34.457,-119.153,1999,12,1623.6,385.56,6
1688,1688,RANCH2,34.19694455,-117.9076775,2020,8,1650.06,1239.12,1
673,673,RANCHITA,35.185,-120.416,1986,8,766.44,2.52,1
754,754,RANCHO,36.3,-121.448,1993,8,2251.26,757.44,1
1157,1157,RANGE,35.307,-116.757,2005,5,1000.53,0.0,1
1068,1068,RANGE,35.925,-121.181,2017,6,845.1,0.0,0
1391,1391,RANGE,34.584,-120.285,1997,9,519.12,13.59,0
1134,1134,RATTLESNAKE,36.430343,-118.4150668,2020,8,3354.03,344.25,0
202,202,RAVE,40.8,-120.101,1999,8,1973.25,98.55,0
441,441,READING,40.553,-121.423,2012,7,10780.02,4521.06,0
1339,1339,RECHE,33.989,-117.245,1995,7,474.84,28.35,0
1435,1435,RECHE,34.019,-117.235,2001,7,752.13,297.99,1
181,181,RED,40.107,-122.425,1999,6,664.29,143.55,0
585,585,RED BANK,40.157,-122.676,2019,9,3257.91,507.24,0
688,688,RED MOUNTAIN,36.846,-119.391,1987,8,1761.12,17.64,0
1018,1018,RED ROCK,39.926,-119.968,2013,7,228.15,63.27,1
981,981,RED ROCK,39.765,-119.975,2009,7,759.33,13.5,0
424,424,RED ROCK,41.566,-123.166,2009,8,573.75,72.36,1
598,598,RED SALMON COMPLEX,41.11928079,-123.3944016,2020,7,58078.17,18323.64,0
413,413,REDSPOT,41.158,-123.405,2009,7,476.55,105.75,0
551,551,REDWOOD VALLEY INCIDENT,39.339,-123.213,2017,10,14787.99,3963.51,0
1106,1106,REFUGE,35.707,-119.617,2019,5,1379.61,50.94,1
1310,1310,REPPLIER,33.964,-116.923,1993,11,2446.92,309.33,0
209,209,REPTILE,40.973,-122.508,1999,8,735.48,259.02,0
1636,1636,RESERVOIR,34.197,-117.876,2016,6,513.0,0.72,0
1371,1371,RESERVOIR,34.196,-117.879,1996,8,619.47,176.13,0
1646,1646,REY,34.586,-119.725,2016,8,13488.75,46.26,1
1550,1550,RICE,33.384,-117.18,2007,10,4053.87,475.47,0
404,404,RICH,40.04,-121.137,2008,7,2702.25,1119.42,0
641,641,RICH BAR,35.458,-118.707,1985,6,3294.18,4.59,0
848,848,RICH BAR COMPLEX,35.451,-118.767,1999,9,892.89,7.65,0
938,938,RICO,36.05,-120.693,2006,7,4778.55,712.89,1
1524,1524,RIDGE,34.913,-119.297,2006,7,1006.92,33.03,0
1020,1020,RIM,37.916,-119.969,2013,8,104023.89,45931.05,0
531,531,RIMROCK,41.966,-120.997,2017,7,688.77,12.51,1
159,159,RIMROCK,38.305,-120.431,1996,8,1092.15,275.04,0
1377,1377,RINCON,33.258,-116.96,1996,10,921.6,5.76,7
49,49,RIPSTEIN,40.902,-123.04,1987,8,1376.19,459.18,0
560,560,RIVER,39.055,-123.019,2018,7,19795.68,5119.74,0
78,78,RIVER,38.794,-122.966,1988,8,585.99,53.01,0
1128,1128,RIVER,36.4817366,-121.5674233,2020,8,20308.05,4228.11,0
676,676,RIVER,36.378,-121.425,1986,11,1866.69,295.11,6
501,501,RIVER COMPLEX,40.914,-123.364,2015,7,31779.45,7062.12,0
1075,1075,ROADRUNNER,36.015,-118.933,2017,7,985.23,64.89,0
436,436,ROBBERS,39.055,-120.887,2012,7,1064.34,434.97,0
988,988,ROBINSON,37.465,-120.358,2010,6,617.58,0.0,0
1640,1640,ROBLAR,33.402,-117.362,2016,7,494.37,0.09,0
1199,1199,ROBLAR,33.4,-117.342,1985,7,2973.51,56.88,0
1476,1476,ROBLAR 2,33.414,-117.382,2003,10,3263.22,1073.61,0
1110,1110,ROCK,37.475,-121.257,2019,6,990.09,90.18,1
163,163,ROCK,40.189,-123.009,1996,8,845.01,24.48,0
114,114,ROCK,40.505,-123.158,1991,9,451.26,257.76,1
949,949,ROCK 2,36.042,-118.781,2007,7,437.67,4.59,0
12,12,ROCK CREEK,39.851,-121.772,1985,6,472.68,53.28,1
607,607,ROCKWELL,39.68378687,-122.7719726,2020,8,581.4,316.35,0
777,777,ROCKY,35.481,-118.751,1995,7,743.58,8.46,0
491,491,ROCKY,38.91,-122.45,2015,7,38810.07,15231.78,0
1312,1312,ROCOSO,32.892,-116.98,1994,1,902.97,0.0,5
157,157,ROGGE,37.899,-120.113,1996,8,7106.58,1348.74,0
843,843,ROMERO,37.107,-121.097,1999,6,753.03,13.32,1
861,861,ROMERO,37.085,-121.077,2000,8,640.26,144.72,0
111,111,ROSS,41.792,-121.529,1990,8,1549.89,0.0,1
1038,1038,ROUGH,36.852,-118.884,2015,8,59231.16,15513.21,0
1030,1030,ROUND,37.491,-118.624,2015,2,2506.59,111.78,4
795,795,ROUND MOUNTAIN,35.479,-118.909,1996,6,1014.21,225.0,0
499,499,ROUTE COMPLEX,40.601,-123.541,2015,7,14343.21,3375.72,0
125,125,RUBY,38.145,-120.195,1992,9,1613.34,1346.67,0
1232,1232,RUBY,34.594,-118.555,1987,9,4046.76,1154.34,1
85,85,RUMSEY,38.877,-122.275,1988,9,564.48,89.1,0
213,213,RUMSEY,38.881,-122.256,1999,9,1246.68,90.72,0
296,296,RUMSEY,38.757,-122.274,2004,10,15918.03,390.6,0
1500,1500,RUNWAY,34.355,-117.497,2004,9,572.58,4.23,9
262,262,RUSH,40.632,-120.102,2002,7,2101.14,2.07,0
311,311,RUSH,41.091,-123.006,2006,7,2136.96,261.0,0
449,449,RUSH,40.603,-120.09,2012,8,107125.11,3534.12,0
435,435,RUTH,40.258,-123.299,2011,9,450.45,146.34,10
1664,1664,RYE,34.43,-118.635,2017,12,1980.81,36.9,5
1292,1292,SABODAN,35.025,-119.023,1993,5,789.39,6.57,1
1061,1061,SACATA,36.927,-119.264,2016,10,923.67,25.29,1
489,489,SADDLE,40.687,-123.534,2015,6,770.67,252.36,1
1252,1252,SADDLE,40.1,-124.086,1988,9,2122.56,371.52,0
1678,1678,SADDLERIDGE,34.318,-118.515,2019,10,3883.41,661.59,0
1641,1641,SAGE,34.366,-118.574,2016,7,405.99,6.03,0
317,317,SAGE,41.708,-120.504,2006,7,2215.35,8.73,2
1153,1153,SAGE FLAT,36.222,-118.047,1996,7,587.07,51.3,25
461,461,SALMON RIVER COMPLEX,41.314,-123.203,2013,7,6054.93,2027.52,0
611,611,SALT,37.99910983,-120.7523615,2020,8,642.15,0.27,1
450,450,SALT CREEK,40.841,-122.321,2012,8,470.7,112.68,0
0,0,SALT SPRING,38.004,-120.647,1984,6,1957.23,261.72,1
1620,1620,SAN DIEGO COMPLEX,33.11,-117.15,2014,5,878.04,56.88,0
1263,1263,SAN FRANCISCO,34.649,-118.384,1989,6,947.97,243.18,0
1509,1509,SAN TIMOTEO,33.975,-117.15,2005,9,424.08,13.77,0
579,579,SAND,38.904,-122.259,2019,6,989.28,207.9,1
1175,1175,SAND,35.119,-118.301,2012,7,557.82,4.86,47
472,472,SAND,38.575,-120.79,2014,7,1787.13,370.26,0
1642,1642,SAND,34.391,-118.35,2016,7,16815.15,261.0,1
1171,1171,SAND 2,35.783,-117.966,2010,7,440.37,18.9,13
1676,1676,SANDALWOOD,33.999,-117.084,2019,10,421.2,6.21,0
1695,1695,SANDERSON,33.90043808,-117.0630626,2020,12,784.62,35.82,0
1386,1386,SANTA ROSA,34.634,-120.33,1997,8,1145.97,149.49,0
1242,1242,SANTIAGO,34.916,-119.299,1988,6,657.72,0.0,2
1551,1551,SANTIAGO,33.72,-117.66,2007,10,11171.52,1492.47,0
722,722,SAVAGE,37.649,-119.878,1990,8,900.72,357.39,0
519,519,SAWMILL,38.814,-122.841,2016,9,638.01,115.56,0
942,942,SAWMILL,37.804,-118.63,2006,9,2870.37,238.5,1
1567,1567,SAYRE,34.339,-118.462,2008,11,4544.82,2171.61,0
1069,1069,SCHAEFFER,36.096,-118.365,2017,6,6515.01,2199.33,0
1516,1516,SCHOOL,34.307,-119.264,2005,11,1442.97,10.17,3
1682,1682,SCORPION,34.03622128,-119.5422172,2020,5,523.62,0.72,2
432,432,SCORPION COMPLEX,41.776,-121.357,2011,7,1120.5,4.77,1
1383,1383,SCOTCH,34.027,-117.238,1997,8,610.38,1.89,0
161,161,SCOTT,38.565,-121.047,1996,8,3572.1,1821.15,0
457,457,SCOTTS,39.145,-123.045,2012,9,2015.91,553.05,0
1318,1318,SCOUT,34.39,-117.642,1994,6,1411.74,212.4,0
1129,1129,SCU COMPLEX,37.35146709,-121.4469168,2020,8,160572.42,17002.44,0
655,655,SECO,36.227,-121.44,1985,7,847.26,42.03,0
739,739,SECO,36.22,-121.458,1992,8,1086.12,320.67,0
1313,1313,SECOND,33.182,-116.832,1994,6,2164.41,96.03,0
4,4,SECOND,40.034,-120.14,1984,8,486.09,0.54,0
282,282,SECRET,40.628,-120.24,2003,10,455.31,0.18,0
1564,1564,SESNON,34.307,-118.604,2008,10,6162.75,1546.29,0
1256,1256,SESNON FIRE,34.311,-118.532,1988,12,1015.83,3.33,3
787,787,SEVEN MILE,35.262,-119.86,1996,5,1099.89,3.6,0
248,248,SHAFFER,40.42,-120.314,2001,8,491.22,0.0,0
946,946,SHANNON,35.984,-118.853,2007,6,948.06,9.45,0
1421,1421,SHANNON,34.552,-118.186,1999,8,1438.65,26.28,1
1185,1185,SHANNON FIRE,34.552,-118.183,1984,5,1437.93,0.0,0
1354,1354,SHEEP,33.374,-116.518,1996,4,544.41,64.71,0
605,605,SHEEP,40.32565658,-120.7209697,2020,8,11911.41,6628.05,0
1577,1577,SHEEP,34.31,-117.541,2009,10,3014.91,146.25,7
205,205,SHEEP 1,40.88,-122.478,1999,8,1058.31,178.83,0
991,991,SHEEP COMPLEX,36.783,-118.722,2010,7,3889.71,710.64,0
1535,1535,SHEKELL,34.329,-118.894,2006,12,4165.83,31.95,3
853,853,SHELL,35.151,-119.617,2000,7,2317.41,0.0,0
1203,1203,SHELL,33.919,-117.784,1985,8,578.88,10.8,1
1637,1637,SHERPA,34.497,-120.033,2016,6,3021.39,608.22,0
772,772,SHERWOOD,35.628,-119.052,1995,5,487.98,27.0,0
1197,1197,SHERWOOD FIRE,34.117,-118.857,1985,6,1577.97,262.44,1
497,497,SHIELL,40.469,-123.066,2015,7,10051.11,2047.23,0
107,107,SHINN,40.692,-120.194,1990,8,7270.38,403.02,0
1022,1022,SHIRLEY,35.702,-118.517,2014,6,1131.21,201.42,0
1601,1601,SHOCKEY,32.618,-116.335,2012,9,1079.46,83.52,0
1425,1425,SHOCKEY,32.608,-116.406,1999,10,1416.33,9.63,2
1319,1319,SHOOTING,34.46,-118.045,1994,6,1655.64,12.42,0
975,975,SHOTGUN,36.322,-118.533,2009,6,521.37,26.1,0
420,420,SHU LIGHTNING COMPLEX (CASSEL),40.942,-121.487,2009,8,2609.1,171.99,0
423,423,SHU LIGHTNING COMPLEX (CHALK),40.986,-121.812,2009,8,2772.18,882.54,0
373,373,SHU LIGHTNING COMPLEX (DEERLICK),40.452,-122.846,2008,6,5503.68,383.67,0
421,421,SHU LIGHTNING COMPLEX (GOOSE),40.973,-121.762,2009,8,1721.79,540.18,0
376,376,SHU LIGHTNING COMPLEX (KIRKMAN),40.528,-122.071,2008,6,925.56,2.25,0
379,379,SHU LIGHTNING COMPLEX (LOWER),40.638,-122.764,2008,6,594.99,6.03,0
377,377,SHU LIGHTNING COMPLEX (MOON),40.546,-122.663,2008,6,14648.94,5133.6,0
381,381,SHU LIGHTNING COMPLEX (MOTION),40.698,-122.51,2008,6,11879.19,3094.29,0
383,383,SHU LIGHTNING COMPLEX (PINE),40.726,-122.074,2008,6,802.89,90.81,0
386,386,SHU LIGHTNING COMPLEX (STEIN),40.787,-122.091,2008,6,513.9,24.03,0
392,392,SHU LIGHTNING COMPLEX (VENTURE),40.982,-121.581,2008,6,808.02,148.23,0
1517,1517,SIERRA,33.823,-117.69,2006,2,3801.15,1104.39,4
796,796,SIERRA,35.763,-118.406,1996,6,464.04,0.27,0
1615,1615,SILVER,33.879,-116.804,2013,8,8442.54,910.98,2
1231,1231,SILVERADO,33.748,-117.524,1987,9,2585.97,358.02,0
1692,1692,SILVERADO,33.71881574,-117.7001636,2020,10,5020.83,471.96,0
1482,1482,SIMI,34.335,-118.792,2003,10,43606.71,3429.09,0
774,774,SIMMLER,35.271,-119.974,1995,6,490.5,0.0,0
705,705,SIMPSON,36.985,-118.638,1988,7,440.01,75.42,0
285,285,SIMS,40.702,-123.544,2004,7,1540.89,888.93,0
396,396,SISKIYOU-BLUE 2 COMPLEX (BLUE 2),41.614,-123.658,2008,6,40804.29,9391.95,1
631,631,SITE 300 3,37.651,-121.474,1984,6,2794.77,401.67,1
438,438,SITES COMPLEX,39.363,-122.447,2012,7,1460.34,76.95,0
219,219,SIXTEEN,38.803,-122.328,1999,10,15034.23,674.28,0
456,456,SIXTEEN COMPLEX,39.01,-122.305,2012,9,7359.57,1446.12,0
10,10,SKEDADDLE,40.305,-120.158,1985,5,549.0,0.0,1
783,783,SKYLINE,36.0,-120.041,1996,4,8778.96,484.74,0
260,260,SKYWAY,39.686,-121.716,2002,6,881.55,0.99,1
1059,1059,SLATE,36.082,-118.556,2016,10,858.87,41.76,0
64,64,SLATER,41.834,-123.348,1987,8,2364.66,659.52,0
618,618,SLATER,41.94589683,-123.5010248,2020,9,45117.0,30891.87,0
738,738,SLICKROCK,35.965,-121.345,1992,8,990.99,401.76,0
1553,1553,SLIDE,34.231,-117.095,2007,10,5207.85,1256.4,0
1137,1137,SLINK,38.52241737,-119.5658973,2020,8,10792.26,2520.72,0
884,884,SLINKARD,38.65,-119.567,2002,7,3602.16,999.0,2
1086,1086,SLINKARD,38.659,-119.571,2017,8,3434.76,815.13,1
1436,1436,SLOAN,34.502,-118.65,2001,8,721.44,111.6,2
993,993,SLOPE,37.903,-119.669,2010,7,945.45,17.46,0
1226,1226,SLU-0864,35.041,-120.347,1987,5,1435.41,1.8,0
272,272,SMOKE,40.699,-119.999,2003,7,1995.84,0.09,0
117,117,SMUD 1,38.591,-121.067,1992,6,514.98,2.07,1
573,573,SNELL,38.714,-122.39,2018,9,1008.63,177.12,0
735,735,SNELLING,37.457,-120.365,1992,7,895.95,86.58,0
1691,1691,SNOW,33.87354472,-116.6795181,2020,9,2510.73,243.18,1
1049,1049,SOBERANES,36.322,-121.701,2016,7,53569.17,8930.25,0
1501,1501,SOBOBA,33.817,-116.918,2005,6,822.15,2.43,0
756,756,SODA,35.206,-119.917,1994,5,1385.37,0.0,0
1116,1116,SODA,35.33064948,-119.9490293,2020,6,666.0,0.0,0
1639,1639,SODA,35.026,-119.58,2016,6,896.04,0.0,1
346,346,SODA COMPLEX (BACK),39.37,-122.977,2008,6,705.69,108.54,0
349,349,SODA COMPLEX (BIG),39.416,-123.076,2008,6,799.56,197.01,0
351,351,SODA COMPLEX (MILL),39.477,-123.085,2008,6,1435.86,172.26,0
352,352,SODA COMPLEX (MONKEY  ROCK),39.544,-122.968,2008,6,722.43,54.27,0
1684,1684,SOLEDAD,34.45470565,-118.3362808,2020,7,609.39,0.9,1
1632,1632,SOLIMAR,34.303,-119.342,2015,12,465.93,43.92,4
521,521,SOUP COMPLEX,41.29,-120.269,2016,9,1133.19,184.14,9
186,186,SOUTH,39.532,-121.414,1999,8,871.47,120.06,0
584,584,SOUTH,40.118,-122.823,2019,9,2273.94,313.2,0
1083,1083,SOUTH FORK,37.568,-119.576,2017,8,3259.26,737.46,0
1415,1415,SPANISH,35.021,-119.983,1999,7,5606.28,1856.16,1
1326,1326,SPANISH,35.004,-119.936,1994,9,1322.46,201.87,1
279,279,SPANISH,39.634,-122.828,2003,9,2584.71,836.37,0
149,149,SPECIMEN,41.363,-123.151,1994,9,2896.56,1193.67,10
199,199,SPRING,40.384,-122.095,1999,8,2669.76,0.27,0
1021,1021,SPRING PEAK,38.25,-118.89,2013,8,1796.31,269.73,10
1607,1607,SPRINGS,34.133,-119.004,2013,5,9486.9,1446.66,0
1112,1112,SPRINGS,37.835,-118.904,2019,7,2413.62,4.05,1
1193,1193,SQUAW FLAT,34.443,-118.896,1984,10,2447.64,71.55,7
51,51,ST.CLAIRE,41.111,-123.184,1987,8,3459.24,299.25,0
1437,1437,STABLES,34.493,-118.495,2001,10,2722.59,427.05,2
458,458,STAFFORD,40.541,-123.107,2012,9,1825.56,914.04,0
875,875,STAGE,35.931,-118.925,2002,6,476.73,84.33,0
1465,1465,STAGE,33.638,-116.967,2003,7,811.53,9.36,0
1139,1139,STAGECOACH,35.45344473,-118.484881,2020,8,3115.08,472.95,1
1248,1248,STAGECOACH,33.781,-117.123,1988,9,1632.24,0.54,0
1399,1399,STALLION FIRE,34.028,-117.243,1998,7,421.11,1.35,1
1335,1335,STANLEY,33.541,-116.876,1995,7,1367.64,50.85,0
264,264,STANZA,41.669,-123.314,2002,7,1251.54,345.78,2
245,245,STAR,39.099,-120.49,2001,8,6817.23,4202.37,0
678,678,STATECA 17,36.3,-120.29,1987,5,879.12,71.73,0
1573,1573,STATION,34.327,-118.136,2009,8,66918.78,10462.32,0
723,723,STEAMBOAT,37.685,-119.702,1990,8,2066.4,568.98,0
1307,1307,STECKEL,34.382,-119.153,1993,10,10602.18,15.39,0
530,530,STEELE,41.879,-120.895,2017,7,19892.61,1012.59,0
493,493,STEELHEAD,40.198,-123.624,2015,7,846.63,32.04,0
1596,1596,STEWART,33.138,-116.495,2012,8,3844.8,147.24,0
1283,1283,STOCKTON,34.316,-117.604,1991,8,608.76,67.41,2
1186,1186,STODDARD 2,34.701,-117.075,1984,5,994.41,7.83,0
1295,1295,STODDARD 4,34.698,-117.123,1993,7,1009.17,5.31,2
1666,1666,STONE,34.55,-118.292,2018,6,671.49,3.33,1
572,572,STONE,41.425,-121.013,2018,8,15966.45,1512.36,1
837,837,STONEWALL,36.471,-121.152,1998,8,1203.66,206.55,0
1045,1045,STONY,35.989,-121.293,2016,6,1995.57,24.93,0
1023,1023,STONY,35.983,-121.284,2014,6,2361.87,103.14,1
721,721,STORMY,35.804,-118.526,1990,8,9373.77,5468.13,0
230,230,STORRIE,40.027,-121.287,2000,8,20068.47,8686.53,1
72,72,STRAUSE,40.993,-123.107,1987,9,2589.75,781.02,0
286,286,STRAYLOR,40.826,-121.078,2004,7,1412.82,361.17,0
240,240,STREAM,40.183,-120.606,2001,7,1483.83,1015.92,0
927,927,STUHR,37.331,-121.135,2006,5,625.86,7.47,1
808,808,STUMPFIELD,37.426,-119.817,1996,8,1192.77,196.29,0
1448,1448,SUDDEN RANCH,34.547,-120.532,2002,6,3172.32,177.03,0
1223,1223,SUEY RANCH WEST,35.034,-120.248,1986,10,509.94,0.54,1
204,204,SUGAR,40.878,-122.431,1999,8,2064.69,215.64,0
145,145,SUGARFOOT,39.883,-122.79,1994,8,1121.49,190.98,0
657,657,SUGARLOAF,36.715,-118.662,1985,7,1077.93,24.39,0
550,550,SULFUR,38.992,-122.666,2017,10,1034.19,243.81,0
879,879,SULPHUR SPRINGS,36.042,-121.239,2002,7,758.34,51.66,0
1606,1606,SUMMIT,33.959,-116.909,2013,5,1344.51,217.08,0
958,958,SUMMIT,37.047,-121.794,2008,5,1472.31,525.69,1
1396,1396,SUMMIT,32.605,-116.733,1998,7,423.09,7.11,0
897,897,SUMMIT COMPLEX,36.229,-118.141,2003,8,2574.72,373.41,0
577,577,SUN,40.23,-122.143,2018,10,1586.61,82.17,1
811,811,SUR,36.259,-121.739,1996,10,1704.42,224.82,7
465,465,SWEDES,39.464,-121.411,2013,8,1057.77,249.21,0
1198,1198,SYCAMORE,32.932,-116.947,1985,7,409.32,0.45,0
670,670,SYCAMORE,36.921,-119.256,1986,7,471.24,1.62,0
1334,1334,SYCAMORE,32.91,-117.014,1995,7,865.53,76.23,0
1343,1343,SYCAMORE,32.607,-116.727,1995,8,3946.59,1623.15,0
133,133,TABLE,39.549,-121.572,1994,6,490.41,5.85,0
137,137,TABLE,41.254,-120.433,1994,7,894.06,714.15,0
1114,1114,TABOOSE,37.018,-118.345,2019,9,4189.32,57.42,1
1006,1006,TAMARACK,37.778,-119.735,2011,9,409.95,32.04,0
952,952,TAR,35.928,-120.297,2007,8,2184.21,676.35,0
1065,1065,TARINA,35.385,-118.793,2017,6,508.86,0.63,0
1099,1099,TARINA,35.388,-118.758,2018,8,2013.3,220.41,0
1041,1041,TASSAJARA,36.391,-121.589,2015,9,439.74,40.14,8
1405,1405,TAYLOR,33.982,-117.022,1998,10,823.86,123.12,0
1568,1568,TEA,34.454,-119.676,2008,11,779.31,72.45,6
1217,1217,TECALOTE,34.26,-117.89,1986,7,1653.57,1423.26,0
196,196,TEHAMA-GLENN COMPLEX (DEHAVEN GULCH),40.284,-121.945,1999,8,6978.24,162.81,0
968,968,TEHIPITE,36.941,-118.811,2008,7,4938.12,500.49,0
1463,1463,TEJON,34.852,-118.886,2003,6,483.12,92.34,1
1145,1145,TEJON,35.041,-118.608,1990,8,3099.87,154.8,24
969,969,TELEGRAPH,37.607,-120.015,2008,7,13547.25,2110.59,2
60,60,TEN BALD,41.756,-123.526,1987,8,7946.28,1543.86,0
1675,1675,TENAJA,33.549,-117.258,2019,9,733.32,22.59,1
414,414,TENNANT,41.704,-122.012,2009,7,1241.37,489.33,1
920,920,TESLA,37.661,-121.565,2005,7,2685.6,434.16,1
1039,1039,TESLA,37.636,-121.594,2015,8,1015.38,0.81,0
1249,1249,TEXAS,34.188,-117.49,1988,9,2983.23,335.88,0
370,370,TGU LIGHTNING COMPLEX (ANTELOPE),40.251,-121.871,2008,6,1356.57,24.66,0
366,366,TGU LIGHTNING COMPLEX (MILL),40.162,-121.868,2008,6,5440.95,82.08,0
1266,1266,THING 2,32.857,-116.386,1989,7,1881.72,1003.32,0
545,545,THIRTY SEVEN,38.155,-122.474,2017,10,718.2,75.42,0
1663,1663,THOMAS,34.459,-119.303,2017,12,114042.96,19583.55,0
67,67,THOMPSON,41.93,-123.394,1987,8,2086.38,209.79,0
933,933,THREE ROCKS,36.501,-120.504,2006,7,3778.47,74.7,0
1588,1588,THREE SLASHES,33.275,-114.703,2011,8,803.97,598.05,0
1515,1515,THURMAN,34.116,-117.008,2005,10,435.15,217.17,1
1680,1680,TICK,34.451,-118.394,2019,10,1978.74,11.34,1
316,316,TITUS,41.609,-123.355,2006,7,2475.81,731.34,0
100,100,TOF 33,39.69,-120.067,1990,8,421.56,101.97,0
838,838,TOM,37.322,-118.618,1998,8,1362.06,379.89,0
1622,1622,TOMAHAWK,33.358,-117.285,2014,5,2193.39,127.8,0
1511,1511,TOPANGA,34.218,-118.696,2005,9,9765.99,4282.47,0
1633,1633,TOPOCK,34.74,-114.51,2016,4,78.3,4.86,2
1164,1164,TOUGH NUT,35.001,-115.524,2006,7,460.17,0.72,0
1506,1506,TOVEY,34.541,-118.161,2005,7,479.43,16.29,1
819,819,TOWER,35.69,-118.412,1997,7,620.73,3.96,1
223,223,TOWN,39.607,-122.652,2000,3,1005.75,115.92,1
982,982,TRAILER 1,39.921,-119.993,2009,7,180.18,40.14,1
514,514,TRAILHEAD,38.963,-120.83,2016,6,2323.53,1029.6,0
35,35,TRAVIS,40.092,-123.225,1987,8,4680.72,877.86,0
17,17,TRELOAR COMPLEX,40.808,-123.214,1985,7,1650.69,365.49,0
1298,1298,TRIBAL,33.517,-116.771,1993,10,854.19,0.18,0
807,807,TRIMMER,36.893,-119.346,1996,8,2304.36,62.28,0
44,44,TRINITY,40.606,-123.388,1987,8,542.34,37.26,0
247,247,TROUGH,39.399,-122.705,2001,8,10224.18,1995.39,0
1445,1445,TROY,32.826,-116.392,2002,6,517.77,162.54,0
1225,1225,TRUCK,34.271,-117.443,1987,5,438.66,62.64,0
548,548,TUBBS,38.568,-122.68,2017,10,14927.22,2968.47,0
580,580,TUCKER,41.799,-121.234,2019,7,5695.02,787.77,1
651,651,TULARE 4,36.011,-118.797,1985,7,522.81,23.04,0
115,115,TUNNEL,37.85,-122.227,1991,10,743.85,8.91,0
1012,1012,TURKEY,35.831,-120.282,2012,7,1095.57,522.0,1
1100,1100,TURKEY,35.81,-120.32,2018,8,938.25,99.45,0
733,733,TURKEYTR,35.919,-119.434,1992,6,476.1,0.0,1
226,226,TURTLE,40.103,-120.068,2000,6,504.0,0.0,1
1412,1412,TURTLE,34.375,-117.53,1999,7,1533.24,30.06,0
3,3,TURTLE,40.078,-120.066,1984,7,1610.82,0.0,1
342,342,TWENTY,39.184,-121.482,2008,6,425.52,17.01,0
1190,1190,TWIN,40.683,-119.994,1984,7,4188.69,8.55,1
635,635,TWISSELMAN,35.396,-119.833,1984,8,2430.99,0.27,0
697,697,TWISSLEMAN,35.479,-119.897,1988,6,738.63,14.4,0
529,529,UKONOM,41.59,-123.493,2017,7,1710.72,366.48,0
313,313,UNCLES COMPLEX,41.414,-123.177,2006,7,1534.77,519.39,0
1257,1257,UNNAMED,33.41,-117.418,1989,3,725.67,0.27,2
1238,1238,UNNAMED,34.606,-119.713,1988,3,1451.34,37.8,3
24,24,UNNAMED,38.958,-122.775,1987,4,722.7,0.9,2
1357,1357,UNNAMED,33.89,-117.147,1996,5,439.2,51.48,1
792,792,UNNAMED,36.964,-120.904,1996,5,439.47,60.21,1
730,730,UNNAMED,36.865,-121.201,1992,5,447.48,30.96,0
1378,1378,UNNAMED,34.8,-119.676,1997,5,475.47,41.76,0
814,814,UNNAMED,36.297,-121.132,1997,5,737.1,0.81,0
1144,1144,UNNAMED,35.107,-118.752,1987,5,985.77,39.96,39
1194,1194,UNNAMED,34.54,-119.615,1985,5,1060.92,29.07,1
743,743,UNNAMED,35.223,-119.496,1993,5,1244.43,1.53,0
791,791,UNNAMED,35.952,-121.278,1996,5,6030.0,292.23,0
1215,1215,UNNAMED,33.423,-117.483,1986,5,6629.22,3.78,2
1151,1151,UNNAMED,35.438,-117.316,1996,6,433.89,0.0,1
818,818,UNNAMED,35.981,-119.974,1997,6,436.68,56.52,1
817,817,UNNAMED,35.721,-120.017,1997,6,481.05,83.97,0
182,182,UNNAMED,40.35,-122.053,1999,6,501.84,0.36,1
912,912,UNNAMED,35.768,-120.831,2005,6,517.14,27.72,0
1239,1239,UNNAMED,33.357,-116.823,1988,6,563.94,72.81,0
747,747,UNNAMED,35.481,-120.267,1993,6,580.41,4.59,0
680,680,UNNAMED,37.217,-119.311,1987,6,584.28,118.08,0
1316,1316,UNNAMED,33.706,-116.804,1994,6,636.3,18.27,0
1241,1241,UNNAMED,33.626,-116.734,1988,6,642.15,12.96,0
759,759,UNNAMED,35.593,-120.388,1994,6,642.78,0.0,0
851,851,UNNAMED,35.807,-120.817,2000,6,647.82,0.0,0
793,793,UNNAMED,35.14,-119.794,1996,6,649.35,64.89,0
1320,1320,UNNAMED,34.619,-119.688,1994,6,730.35,22.41,1
852,852,UNNAMED,35.83,-120.796,2000,6,735.48,0.09,1
1260,1260,UNNAMED,32.81,-116.355,1989,6,747.09,126.72,0
1240,1240,UNNAMED,33.446,-117.488,1988,6,914.67,0.0,0
1451,1451,UNNAMED,34.594,-119.488,2002,6,990.45,21.42,0
1462,1462,UNNAMED,33.324,-116.656,2003,6,1098.99,9.36,0
667,667,UNNAMED,37.656,-121.529,1986,6,1138.14,38.61,1
874,874,UNNAMED,35.915,-121.209,2002,6,1385.55,89.46,0
1262,1262,UNNAMED,33.637,-116.771,1989,6,1737.72,90.81,0
91,91,UNNAMED,38.774,-122.84,1989,6,2067.48,24.12,1
828,828,UNNAMED,35.814,-120.797,1998,6,3621.78,9.99,1
11,11,UNNAMED,38.859,-122.856,1985,6,3907.17,46.89,0
1454,1454,UNNAMED,33.885,-117.681,2002,7,407.52,0.18,0
1414,1414,UNNAMED,34.89,-118.921,1999,7,430.11,0.09,0
669,669,UNNAMED,36.804,-119.283,1986,7,432.54,0.72,0
239,239,UNNAMED,38.187,-120.773,2001,7,435.15,140.58,0
736,736,UNNAMED,35.589,-120.206,1992,7,488.34,0.0,1
881,881,UNNAMED,36.369,-121.487,2002,7,498.96,130.23,0
891,891,UNNAMED,35.18,-118.478,2003,7,533.88,0.18,0
648,648,UNNAMED,35.861,-120.561,1985,7,614.16,61.74,0
866,866,UNNAMED,37.095,-121.171,2001,7,663.48,64.8,0
15,15,UNNAMED,40.296,-120.069,1985,7,668.07,0.0,0
1397,1397,UNNAMED,33.333,-117.394,1998,7,692.55,10.35,0
135,135,UNNAMED,38.608,-121.191,1994,7,704.16,4.5,0
878,878,UNNAMED,36.02,-120.031,2002,7,708.57,3.33,0
701,701,UNNAMED,35.483,-118.713,1988,7,709.38,0.0,0
832,832,UNNAMED,36.027,-120.105,1998,7,726.66,5.76,0
713,713,UNNAMED,36.361,-121.07,1989,7,754.11,0.0,0
1398,1398,UNNAMED,33.425,-117.454,1998,7,773.46,0.0,0
1267,1267,UNNAMED,33.277,-117.401,1989,7,800.37,24.48,0
92,92,UNNAMED,38.247,-121.901,1989,7,832.5,22.14,0
734,734,UNNAMED,35.98,-121.298,1992,7,838.8,0.09,0
682,682,UNNAMED,36.0,-121.027,1987,7,878.67,3.33,0
702,702,UNNAMED,35.704,-119.994,1988,7,939.42,0.54,0
1202,1202,UNNAMED,35.044,-120.056,1985,7,953.28,128.43,1
831,831,UNNAMED,35.988,-121.299,1998,7,1157.76,65.7,0
764,764,UNNAMED,35.427,-120.031,1994,7,1176.66,0.54,0
703,703,UNNAMED,35.742,-120.035,1988,7,1604.25,7.65,0
714,714,UNNAMED,36.933,-119.122,1989,7,3484.17,1304.1,0
740,740,UNNAMED,36.265,-121.665,1992,8,409.68,173.43,0
753,753,UNNAMED,36.06,-120.096,1993,8,419.04,14.49,0
1325,1325,UNNAMED,34.305,-117.18,1994,8,422.91,10.35,1
95,95,UNNAMED,39.237,-122.535,1989,8,427.86,40.68,0
690,690,UNNAMED,36.942,-119.219,1987,8,533.79,29.25,0
1220,1220,UNNAMED,35.04,-120.317,1986,8,547.83,1.8,1
121,121,UNNAMED,38.855,-121.269,1992,8,621.0,1.53,0
836,836,UNNAMED,35.988,-119.979,1998,8,644.31,64.71,0
834,834,UNNAMED,35.689,-119.609,1998,8,707.13,102.96,0
752,752,UNNAMED,35.548,-118.974,1993,8,750.51,22.95,0
689,689,UNNAMED,36.899,-119.32,1987,8,919.89,126.9,0
896,896,UNNAMED,35.988,-121.3,2003,8,1096.92,18.63,0
859,859,UNNAMED,35.909,-121.202,2000,8,1867.05,1.17,0
1245,1245,UNNAMED,34.596,-119.873,1988,8,1905.48,0.18,1
835,835,UNNAMED,35.933,-121.17,1998,8,2162.07,11.61,0
122,122,UNNAMED,40.437,-122.806,1992,8,2164.68,176.31,0
96,96,UNNAMED,40.459,-122.808,1989,8,2664.81,145.71,1
662,662,UNNAMED,35.857,-121.391,1985,8,2940.75,332.37,0
1163,1163,UNNAMED,36.009,-117.635,2005,8,3659.67,0.0,11
737,737,UNNAMED,35.927,-121.214,1992,8,4141.71,38.07,0
921,921,UNNAMED,35.933,-121.219,2005,8,15811.56,532.98,0
1205,1205,UNNAMED,34.814,-120.335,1985,9,450.81,2.16,1
755,755,UNNAMED,35.991,-119.988,1993,9,474.66,20.79,8
695,695,UNNAMED,35.167,-118.731,1987,9,493.65,8.46,0
1508,1508,UNNAMED,33.336,-117.397,2005,9,603.27,0.81,0
725,725,UNNAMED,35.15,-120.32,1990,9,605.88,3.87,1
1348,1348,UNNAMED,35.073,-120.299,1995,9,778.32,0.36,1
1204,1204,UNNAMED,34.604,-119.919,1985,9,1100.97,128.25,0
694,694,UNNAMED,35.128,-118.68,1987,9,1328.76,6.21,0
1222,1222,UNNAMED,34.634,-119.892,1986,9,1778.13,49.41,1
217,217,UNNAMED,40.838,-122.508,1999,9,5021.91,796.86,0
1206,1206,UNNAMED,33.413,-117.389,1985,10,430.56,26.91,0
1407,1407,UNNAMED,34.566,-119.689,1998,10,786.51,20.52,0
170,170,UNNAMED,38.829,-121.973,1996,10,1165.86,230.94,0
89,89,UNNAMED,39.281,-122.777,1988,11,1341.18,185.31,6
26,26,USFS 10,39.75,-120.178,1987,6,514.62,9.27,0
1268,1268,VAIL,33.421,-116.947,1989,7,6325.2,3022.92,0
746,746,VALLEY,35.246,-119.536,1993,6,1534.59,3.51,0
1669,1669,VALLEY,34.105,-116.946,2018,7,506.7,114.39,1
1690,1690,VALLEY,32.7369641,-116.6890363,2020,9,6573.15,3201.48,0
512,512,VALLEY,38.788,-122.613,2015,9,31139.28,13242.96,0
1582,1582,VALLEY COMPLEX,33.658,-116.907,2010,7,409.95,42.03,0
1229,1229,VERBENIA,33.894,-116.71,1987,6,559.44,0.0,2
1494,1494,VERBENIA,33.878,-116.704,2004,7,1619.64,16.83,0
1346,1346,VERBENIA,34.001,-116.674,1995,8,8742.69,470.16,1
1483,1483,VERDALE,34.426,-118.716,2003,10,3434.4,2.16,0
1432,1432,VIEJAS,32.797,-116.735,2001,1,4427.82,22.86,5
129,129,VILLA,39.363,-121.514,1992,9,2842.56,109.71,0
152,152,VISION,38.05,-122.864,1995,10,4897.35,274.68,0
582,582,W-1 MCDONALD,40.973,-120.289,2019,8,461.52,10.35,1
610,610,W-5 COLD SPRINGS,41.09414628,-120.0796157,2020,8,28322.01,7903.98,0
594,594,WALKER,38.07062309,-120.7061626,2020,6,560.43,83.43,1
341,341,WALKER,39.066,-122.479,2008,6,5035.23,1775.79,0
102,102,WALKER,39.989,-120.701,1990,8,454.86,228.33,0
1040,1040,WALKER,37.902,-119.151,2015,8,1528.2,420.03,1
583,583,WALKER,40.09,-120.585,2019,9,23695.83,9381.33,0
801,801,WALKER COMPLEX,38.582,-119.529,1996,7,1050.3,373.86,1
444,444,WALKER WYE,39.022,-122.405,2012,8,2365.65,266.67,0
525,525,WALL,39.463,-121.406,2017,7,2625.48,306.72,0
602,602,WALLBRIDGE,38.61605842,-123.0123944,2020,8,22294.35,6733.26,0
334,334,WALLOW,40.492,-123.343,2007,8,621.45,334.89,1
38,38,WALLOW,40.448,-123.398,1987,8,1385.64,78.48,0
1349,1349,WARNER,33.339,-116.725,1995,10,1082.43,555.48,0
1580,1580,WASH,35.116,-119.786,2010,5,420.66,7.83,2
1034,1034,WASHINGTON,38.642,-119.699,2015,6,7481.88,1624.68,1
1367,1367,WASIOJA,34.919,-119.806,1996,7,1209.6,377.82,0
1433,1433,WATKINS,33.961,-117.279,2001,6,609.21,10.89,0
844,844,WATTS,36.79,-119.472,1999,7,518.67,32.31,1
554,554,WAVERLY,38.0,-120.846,2018,6,4917.06,13.05,0
1028,1028,WAY,35.735,-118.461,2014,8,1597.86,112.59,0
232,232,WEINSTEIN,39.908,-122.627,2000,9,3229.56,422.82,1
1402,1402,WEIRICK,33.814,-117.483,1998,8,1010.25,39.42,0
1172,1172,WELLS,35.356,-115.775,2011,8,746.1,0.0,1
23,23,WENDEL,40.377,-120.211,1986,7,663.21,0.0,9
1169,1169,WEST,35.066,-118.412,2010,7,724.5,177.75,0
1376,1376,WESTFIELD,35.023,-119.377,1996,10,598.14,0.0,0
563,563,WHALEBACK,40.627,-120.824,2018,7,7543.53,1953.0,0
1308,1308,WHEEL,34.514,-119.304,1993,10,591.3,31.05,1
769,769,WHEEL 1  2,37.641,-121.472,1994,8,599.67,0.0,0
1201,1201,WHEELER 2,34.51,-119.354,1985,7,51335.91,11687.58,0
361,361,WHISKEY,39.855,-122.669,2008,6,3135.24,302.49,0
1522,1522,WHISPERING PINES,34.071,-116.34,2006,7,576.27,0.0,0
1608,1608,WHITE,34.552,-119.774,2013,5,822.33,84.78,0
1168,1168,WHITE,34.986,-118.431,2007,6,4768.65,191.97,37
761,761,WHITE BLANKET,35.747,-118.177,1994,6,1037.43,52.29,0
1152,1152,WHITEOAK,34.948,-118.473,1996,7,3400.56,23.04,0
479,479,WHITES,41.319,-123.038,2014,7,13968.9,4980.33,0
283,283,WHITMORE,40.631,-121.848,2003,10,500.58,375.03,5
901,901,WHITT,38.382,-119.988,2003,8,460.8,69.57,1
1652,1652,WHITTIER  CA-LBOR-001770,34.535,-119.952,2017,7,7489.26,3332.97,0
337,337,WILD,38.301,-122.169,2008,6,1654.83,108.27,0
810,810,WILD,35.959,-121.388,1996,10,9891.54,2538.99,0
980,980,WILDCAT,37.942,-119.482,2009,7,474.66,109.26,0
1400,1400,WILDCAT,32.968,-116.851,1998,8,1464.84,49.77,0
520,520,WILLARD,40.378,-120.749,2016,9,1145.34,343.26,0
1602,1602,WILLIAMS,34.261,-117.79,2012,9,1677.15,81.63,8
172,172,WILLIAMS,39.377,-121.252,1997,9,2562.21,763.29,8
1456,1456,WILLIAMS,34.195,-117.777,2002,9,15177.96,2816.28,0
534,534,WILLIE,40.119,-123.299,2017,8,1313.28,157.14,0
1036,1036,WILLOW,37.282,-119.479,2015,7,2424.96,1230.39,1
200,200,WILLOW,40.599,-120.63,1999,8,2889.27,85.32,0
1420,1420,WILLOW,34.345,-117.106,1999,8,25708.05,1954.71,0
619,619,WILLOWS,39.37500325,-121.332452,2020,9,526.68,35.55,2
1214,1214,WILMOT,33.899,-117.146,1986,5,696.69,4.95,0
1597,1597,WILSON,33.191,-116.462,2012,8,4875.39,8.55,0
523,523,WINTER,38.526,-122.054,2017,7,1004.31,104.76,0
90,90,WINTERS,38.552,-121.994,1989,5,420.39,0.0,1
1547,1547,WITCH,33.079,-116.766,2007,10,67648.14,5025.96,0
642,642,WIZARD,36.024,-121.382,1985,6,3464.1,326.88,0
1450,1450,WOLF,34.593,-119.211,2002,6,8537.58,2713.59,0
1135,1135,WOLF,37.88102161,-119.6231191,2020,8,823.95,11.43,0
994,994,WOLF CREEK,38.561,-119.721,2010,7,488.16,97.47,1
1370,1370,WOLFSKILL,33.856,-116.943,1996,8,5264.46,953.1,0
1514,1514,WOODHOUSE,33.956,-117.111,2005,10,2574.09,187.29,0
623,623,WOODROW,35.611,-118.446,1984,5,452.34,0.09,0
609,609,WOODWARD,38.02328105,-122.8210841,2020,8,1977.12,433.8,0
302,302,WOOLEY,41.489,-123.27,2005,9,1310.31,175.14,5
1673,1673,WOOLSEY,34.125,-118.824,2018,11,39618.27,8598.33,0
490,490,WRAGG,38.481,-122.069,2015,7,3262.41,1870.11,0
445,445,WYE,39.011,-122.587,2012,8,1259.82,239.49,0
1560,1560,YELLOW,33.392,-117.455,2008,7,13214.43,71.73,0
57,57,YELLOW 2,41.412,-123.316,1987,8,21702.78,3293.64,0
212,212,YELLOW PINE COMPLEX (YELLOW),41.778,-121.622,1999,8,1550.34,2.61,1
364,364,YOLLA BOLLY COMPLEX (IRON),40.096,-122.979,2008,6,38399.58,3858.03,0
367,367,YOLLA BOLLY COMPLEX (TROUGH),40.185,-123.119,2008,6,1586.16,607.86,0
1505,1505,YORBA LINDA,33.921,-117.764,2005,7,502.92,31.41,0
762,762,YORK,35.851,-120.179,1994,6,414.9,19.53,0
415,415,YUBA,39.339,-121.186,2009,8,1626.3,594.45,0
347,347,YUBA RIVER COMPLEX (FALL),39.376,-120.696,2008,6,845.28,281.52,0
345,345,YUBA RIVER COMPLEX (SCOTCHMAN),39.35,-120.766,2008,6,487.44,160.29,0
1542,1542,ZACA,34.695,-119.659,2007,7,97876.8,53777.43,2
318,318,ZAM ASSIST,38.754,-121.905,2006,9,5828.58,540.27,0
612,612,ZOGG,40.43746497,-122.6220128,2020,9,22779.72,2583.27,0
